# Blender v3.2.2 OBJ File: 'bottle_cap.blend'
# www.blender.org
o bottle_cap
v 0.000000 0.000044 0.012196
v 0.000000 0.001041 0.011300
v 0.000717 -0.000004 0.012282
v 0.000645 0.000910 0.011440
v 0.001255 -0.000035 0.012717
v 0.000000 0.002981 0.010197
v 0.001331 0.002981 0.010110
v 0.000995 0.001792 0.010825
v 0.000000 0.002149 0.010676
v -0.000717 -0.000004 0.012282
v -0.000645 0.000910 0.011440
v -0.001255 -0.000035 0.012717
v -0.000995 0.001792 0.010825
v 0.003156 0.000044 0.011780
v 0.002925 0.001041 0.010915
v 0.003872 -0.000004 0.011678
v 0.003584 0.000910 0.010883
v 0.004504 -0.000035 0.011959
v 0.002639 0.002981 0.009849
v 0.003902 0.002981 0.009421
v 0.003762 0.001792 0.010199
v 0.002763 0.002149 0.010313
v 0.001694 0.000033 0.012870
v 0.002486 -0.000004 0.012049
v 0.002338 0.000910 0.011217
v 0.002079 -0.000035 0.012609
v 0.001841 0.001792 0.010714
v 0.006098 0.000044 0.010562
v 0.005650 0.001041 0.009786
v 0.006762 -0.000004 0.010278
v 0.006278 0.000910 0.009585
v 0.007446 -0.000035 0.010386
v 0.005099 0.002981 0.008831
v 0.006208 0.002981 0.008090
v 0.006274 0.001792 0.008877
v 0.005338 0.002149 0.009246
v 0.004967 0.000033 0.011993
v 0.005520 -0.000004 0.010995
v 0.005161 0.000910 0.010229
v 0.005272 -0.000035 0.011641
v 0.004551 0.001792 0.009872
v 0.008624 0.000044 0.008624
v 0.007990 0.001041 0.007990
v 0.009192 -0.000004 0.008178
v 0.008545 0.000910 0.007633
v 0.009880 -0.000035 0.008105
v 0.007210 0.002981 0.007210
v 0.008090 0.002981 0.006207
v 0.008358 0.001792 0.006951
v 0.007549 0.002149 0.007549
v 0.007902 0.000033 0.010299
v 0.008178 -0.000004 0.009192
v 0.007633 0.000910 0.008545
v 0.008105 -0.000035 0.009880
v 0.006951 0.001792 0.008358
v 0.010562 0.000044 0.006098
v 0.009786 0.001041 0.005650
v 0.010995 -0.000004 0.005520
v 0.010229 0.000910 0.005161
v 0.011641 -0.000035 0.005272
v 0.008831 0.002981 0.005098
v 0.009421 0.002981 0.003902
v 0.009872 0.001792 0.004551
v 0.009246 0.002149 0.005338
v 0.010298 0.000033 0.007903
v 0.010278 -0.000004 0.006762
v 0.009585 0.000910 0.006278
v 0.010386 -0.000035 0.007446
v 0.008877 0.001792 0.006274
v 0.011780 0.000044 0.003156
v 0.010915 0.001041 0.002925
v 0.012049 -0.000004 0.002486
v 0.011217 0.000910 0.002338
v 0.012609 -0.000035 0.002079
v 0.009849 0.002981 0.002639
v 0.010110 0.002981 0.001331
v 0.010714 0.001792 0.001841
v 0.010313 0.002149 0.002763
v 0.011993 0.000033 0.004968
v 0.011678 -0.000004 0.003872
v 0.010883 0.000910 0.003584
v 0.011959 -0.000035 0.004504
v 0.010199 0.001792 0.003762
v 0.012196 0.000044 -0.000000
v 0.011300 0.001041 0.000000
v 0.000000 0.000044 -0.012196
v 0.000000 0.001041 -0.011300
v 0.000717 -0.000004 -0.012282
v 0.010197 0.002981 0.000000
v 0.000645 0.000910 -0.011440
v 0.010676 0.002149 0.000000
v 0.012870 0.000033 0.001695
v 0.012282 -0.000004 0.000717
v 0.011440 0.000910 0.000645
v 0.012717 -0.000035 0.001255
v 0.010825 0.001792 0.000995
v 0.001255 -0.000035 -0.012717
v 0.000000 0.002981 -0.010197
v 0.001331 0.002981 -0.010110
v 0.000995 0.001792 -0.010825
v 0.000000 0.002149 -0.010676
v -0.000717 -0.000004 -0.012282
v -0.000645 0.000910 -0.011440
v -0.001255 -0.000035 -0.012717
v -0.000995 0.001792 -0.010825
v 0.003156 0.000044 -0.011780
v 0.002925 0.001041 -0.010915
v 0.003872 -0.000004 -0.011678
v 0.003584 0.000910 -0.010883
v 0.004504 -0.000035 -0.011959
v 0.002639 0.002981 -0.009849
v 0.003902 0.002981 -0.009421
v 0.003762 0.001792 -0.010199
v 0.002763 0.002149 -0.010313
v 0.001694 0.000033 -0.012870
v 0.002486 -0.000004 -0.012049
v 0.002338 0.000910 -0.011217
v 0.002079 -0.000035 -0.012609
v 0.001841 0.001792 -0.010714
v 0.006098 0.000044 -0.010562
v 0.005650 0.001041 -0.009786
v 0.006762 -0.000004 -0.010278
v 0.006278 0.000910 -0.009585
v 0.007446 -0.000035 -0.010386
v 0.005099 0.002981 -0.008831
v 0.006208 0.002981 -0.008090
v 0.006274 0.001792 -0.008877
v 0.005338 0.002149 -0.009246
v 0.004967 0.000033 -0.011993
v 0.005520 -0.000004 -0.010995
v 0.005161 0.000910 -0.010229
v 0.005272 -0.000035 -0.011641
v 0.004551 0.001792 -0.009872
v 0.008624 0.000044 -0.008624
v 0.007990 0.001041 -0.007990
v 0.009192 -0.000004 -0.008178
v 0.008545 0.000910 -0.007633
v 0.009880 -0.000035 -0.008105
v 0.007210 0.002981 -0.007210
v 0.008090 0.002981 -0.006207
v 0.008358 0.001792 -0.006951
v 0.007549 0.002149 -0.007549
v 0.007902 0.000033 -0.010299
v 0.008178 -0.000004 -0.009192
v 0.007633 0.000910 -0.008545
v 0.008105 -0.000035 -0.009880
v 0.006951 0.001792 -0.008358
v 0.010562 0.000044 -0.006098
v 0.009786 0.001041 -0.005650
v 0.010995 -0.000004 -0.005520
v 0.010229 0.000910 -0.005161
v 0.011641 -0.000035 -0.005272
v 0.008831 0.002981 -0.005098
v 0.009421 0.002981 -0.003902
v 0.009872 0.001792 -0.004551
v 0.009246 0.002149 -0.005338
v 0.010298 0.000033 -0.007903
v 0.010278 -0.000004 -0.006762
v 0.009585 0.000910 -0.006278
v 0.010386 -0.000035 -0.007446
v 0.008877 0.001792 -0.006274
v 0.011780 0.000044 -0.003156
v 0.010915 0.001041 -0.002925
v 0.012049 -0.000004 -0.002486
v 0.011217 0.000910 -0.002338
v 0.012609 -0.000035 -0.002079
v 0.009849 0.002981 -0.002639
v 0.010110 0.002981 -0.001331
v 0.010714 0.001792 -0.001841
v 0.010313 0.002149 -0.002763
v 0.011993 0.000033 -0.004968
v 0.011678 -0.000004 -0.003872
v 0.010883 0.000910 -0.003584
v 0.011959 -0.000035 -0.004504
v 0.010199 0.001792 -0.003762
v 0.012870 0.000033 -0.001695
v 0.012282 -0.000004 -0.000717
v 0.011440 0.000910 -0.000645
v 0.012717 -0.000035 -0.001255
v 0.010825 0.001792 -0.000995
v -0.012870 0.000033 -0.001695
v -0.012282 -0.000004 -0.000717
v -0.011440 0.000910 -0.000645
v -0.012717 -0.000035 -0.001255
v -0.010110 0.002981 -0.001331
v -0.010825 0.001792 -0.000995
v -0.011780 0.000044 -0.003156
v -0.010915 0.001041 -0.002925
v -0.011993 0.000033 -0.004968
v -0.011678 -0.000004 -0.003872
v -0.010883 0.000910 -0.003584
v -0.011959 -0.000035 -0.004504
v -0.009849 0.002981 -0.002640
v -0.010199 0.001792 -0.003762
v -0.010313 0.002149 -0.002763
v -0.012049 -0.000004 -0.002486
v -0.011217 0.000910 -0.002338
v -0.012609 -0.000035 -0.002079
v -0.010714 0.001792 -0.001841
v -0.010562 0.000044 -0.006098
v -0.009786 0.001041 -0.005650
v -0.010278 -0.000004 -0.006762
v -0.009585 0.000910 -0.006278
v -0.010386 -0.000035 -0.007446
v -0.008831 0.002981 -0.005099
v -0.008877 0.001792 -0.006274
v -0.009246 0.002149 -0.005338
v -0.010995 -0.000004 -0.005520
v -0.010229 0.000910 -0.005161
v -0.011641 -0.000035 -0.005272
v -0.009421 0.002981 -0.003903
v -0.009872 0.001792 -0.004551
v -0.008624 0.000044 -0.008624
v -0.007990 0.001041 -0.007990
v -0.008178 -0.000004 -0.009192
v -0.007633 0.000910 -0.008545
v -0.008105 -0.000035 -0.009880
v -0.007210 0.002981 -0.007211
v -0.006951 0.001792 -0.008358
v -0.007549 0.002149 -0.007549
v -0.010299 0.000033 -0.007902
v -0.009192 -0.000004 -0.008178
v -0.008545 0.000910 -0.007633
v -0.009880 -0.000035 -0.008105
v -0.008090 0.002981 -0.006208
v -0.008358 0.001792 -0.006951
v -0.006098 0.000044 -0.010562
v -0.005650 0.001041 -0.009786
v -0.004967 0.000033 -0.011993
v -0.005520 -0.000004 -0.010995
v -0.005161 0.000910 -0.010229
v -0.005272 -0.000035 -0.011641
v -0.005098 0.002981 -0.008831
v -0.004551 0.001792 -0.009872
v -0.005338 0.002149 -0.009246
v -0.012196 0.000044 -0.000000
v -0.011300 0.001041 0.000000
v -0.012870 0.000033 0.001695
v -0.012282 -0.000004 0.000717
v -0.011440 0.000910 0.000645
v -0.012717 -0.000035 0.001255
v -0.010197 0.002981 0.000000
v -0.010110 0.002981 0.001331
v -0.010825 0.001792 0.000995
v -0.010676 0.002149 0.000000
v -0.007903 0.000033 -0.010298
v -0.006762 -0.000004 -0.010278
v -0.006278 0.000910 -0.009585
v -0.007446 -0.000035 -0.010386
v -0.006207 0.002981 -0.008090
v -0.011780 0.000044 0.003156
v -0.010915 0.001041 0.002925
v -0.011993 0.000033 0.004968
v -0.011678 -0.000004 0.003872
v -0.010883 0.000910 0.003584
v -0.011959 -0.000035 0.004504
v -0.009849 0.002981 0.002640
v -0.010199 0.001792 0.003762
v -0.010313 0.002149 0.002763
v -0.012049 -0.000004 0.002486
v -0.011217 0.000910 0.002338
v -0.012609 -0.000035 0.002079
v -0.010714 0.001792 0.001841
v -0.010562 0.000044 0.006098
v -0.009786 0.001041 0.005650
v -0.010278 -0.000004 0.006762
v -0.009585 0.000910 0.006278
v -0.010386 -0.000035 0.007446
v -0.008831 0.002981 0.005099
v -0.008877 0.001792 0.006274
v -0.009246 0.002149 0.005338
v -0.010995 -0.000004 0.005520
v -0.010229 0.000910 0.005161
v -0.011641 -0.000035 0.005272
v -0.009421 0.002981 0.003903
v -0.009872 0.001792 0.004551
v -0.008624 0.000044 0.008624
v -0.007990 0.001041 0.007990
v -0.008178 -0.000004 0.009192
v -0.007633 0.000910 0.008545
v -0.008105 -0.000035 0.009880
v -0.007210 0.002981 0.007211
v -0.006951 0.001792 0.008358
v -0.007549 0.002149 0.007549
v -0.010299 0.000033 0.007902
v -0.009192 -0.000004 0.008178
v -0.008545 0.000910 0.007633
v -0.009880 -0.000035 0.008105
v -0.008090 0.002981 0.006208
v -0.008358 0.001792 0.006951
v -0.006098 0.000044 0.010562
v -0.005650 0.001041 0.009786
v -0.004967 0.000033 0.011993
v -0.005520 -0.000004 0.010995
v -0.005161 0.000910 0.010229
v -0.005272 -0.000035 0.011641
v -0.005098 0.002981 0.008831
v -0.004551 0.001792 0.009872
v -0.005338 0.002149 0.009246
v -0.007903 0.000033 0.010298
v -0.006762 -0.000004 0.010278
v -0.006278 0.000910 0.009585
v -0.007446 -0.000035 0.010386
v -0.006207 0.002981 0.008090
v -0.006274 0.001792 0.008877
v -0.003156 0.000044 0.011780
v -0.002925 0.001041 0.010915
v -0.001694 0.000033 0.012870
v -0.002486 -0.000004 0.012049
v -0.002338 0.000910 0.011217
v -0.002079 -0.000035 0.012609
v -0.002639 0.002981 0.009850
v -0.001331 0.002981 0.010110
v -0.001841 0.001792 0.010714
v -0.002763 0.002149 0.010313
v -0.003872 -0.000004 0.011678
v -0.003584 0.000910 0.010883
v -0.004504 -0.000035 0.011959
v -0.003902 0.002981 0.009421
v -0.003762 0.001792 0.010199
v 0.000000 0.003869 0.009425
v 0.001230 0.003869 0.009344
v 0.002440 0.003869 0.009104
v 0.003607 0.003869 0.008707
v 0.004713 0.003869 0.008162
v 0.005738 0.003869 0.007477
v 0.006664 0.003869 0.006664
v 0.007477 0.003869 0.005737
v 0.008162 0.003869 0.004712
v 0.008707 0.003869 0.003606
v 0.009104 0.003869 0.002439
v 0.009344 0.003869 0.001230
v 0.009425 0.003869 -0.000000
v -0.006274 0.001792 -0.008877
v -0.003156 0.000044 -0.011780
v -0.002925 0.001041 -0.010915
v -0.001694 0.000033 -0.012870
v -0.002486 -0.000004 -0.012049
v -0.002338 0.000910 -0.011217
v -0.002079 -0.000035 -0.012609
v -0.002639 0.002981 -0.009850
v -0.001331 0.002981 -0.010110
v -0.001841 0.001792 -0.010714
v -0.002763 0.002149 -0.010313
v -0.003872 -0.000004 -0.011678
v -0.003584 0.000910 -0.010883
v -0.004504 -0.000035 -0.011959
v -0.003902 0.002981 -0.009421
v -0.003762 0.001792 -0.010199
v 0.000000 0.003869 -0.009425
v 0.001230 0.003869 -0.009344
v 0.002440 0.003869 -0.009104
v 0.003607 0.003869 -0.008707
v -0.009425 0.003869 -0.000000
v -0.009344 0.003869 0.001231
v 0.004713 0.003869 -0.008162
v -0.009103 0.003869 0.002440
v -0.008162 0.003869 0.004713
v -0.008707 0.003869 0.003607
v -0.006664 0.003869 0.006665
v -0.007477 0.003869 0.005738
v -0.004712 0.003869 0.008162
v -0.005737 0.003869 0.007477
v -0.002439 0.003869 0.009104
v -0.001230 0.003869 0.009344
v -0.003606 0.003869 0.008707
v 0.000000 0.004442 0.008863
v 0.001157 0.004442 0.008787
v 0.002294 0.004442 0.008561
v 0.003392 0.004442 0.008188
v 0.004432 0.004442 0.007675
v 0.005395 0.004442 0.007031
v 0.006267 0.004442 0.006267
v 0.007031 0.004442 0.005395
v 0.007675 0.004442 0.004431
v 0.008188 0.004442 0.003391
v 0.008561 0.004442 0.002294
v 0.008787 0.004442 0.001157
v 0.008863 0.004442 -0.000000
v 0.005738 0.003869 -0.007477
v 0.006664 0.003869 -0.006664
v 0.007477 0.003869 -0.005737
v 0.008162 0.003869 -0.004712
v 0.008707 0.003869 -0.003606
v 0.009104 0.003869 -0.002439
v 0.009344 0.003869 -0.001230
v -0.009344 0.003869 -0.001231
v -0.009103 0.003869 -0.002440
v -0.008162 0.003869 -0.004713
v -0.008707 0.003869 -0.003607
v -0.006664 0.003869 -0.006665
v -0.007477 0.003869 -0.005738
v -0.004712 0.003869 -0.008162
v -0.005737 0.003869 -0.007477
v -0.002439 0.003869 -0.009104
v -0.001230 0.003869 -0.009344
v -0.003606 0.003869 -0.008707
v 0.000000 0.004442 -0.008863
v 0.001157 0.004442 -0.008787
v -0.008863 0.004442 -0.000000
v -0.008787 0.004442 0.001157
v -0.008561 0.004442 0.002294
v -0.007675 0.004442 0.004432
v -0.008188 0.004442 0.003392
v -0.006267 0.004442 0.006267
v -0.007031 0.004442 0.005396
v -0.004431 0.004442 0.007675
v -0.005395 0.004442 0.007031
v -0.002294 0.004442 0.008561
v -0.001157 0.004442 0.008787
v -0.003391 0.004442 0.008188
v 0.000000 0.004442 0.008561
v 0.000000 0.004442 0.008188
v 0.000000 0.004442 0.007675
v 0.000000 0.004442 0.007031
v 0.000000 0.004442 0.006267
v 0.000000 0.004442 0.005395
v 0.000000 0.004442 0.004431
v 0.000000 0.004442 0.003391
v 0.000000 0.004442 0.002294
v -0.000000 0.004442 0.001157
v -0.000000 0.004442 -0.000000
v 0.002294 0.004442 -0.008561
v 0.003392 0.004442 -0.008188
v 0.004432 0.004442 -0.007675
v 0.005395 0.004442 -0.007031
v 0.006267 0.004442 -0.006267
v 0.007031 0.004442 -0.005395
v 0.007675 0.004442 -0.004431
v 0.008188 0.004442 -0.003391
v 0.008561 0.004442 -0.002294
v 0.008787 0.004442 -0.001157
v -0.008787 0.004442 -0.001157
v -0.008561 0.004442 -0.002294
v -0.007675 0.004442 -0.004432
v -0.008188 0.004442 -0.003392
v -0.006267 0.004442 -0.006267
v -0.007031 0.004442 -0.005396
v -0.004431 0.004442 -0.007675
v -0.005395 0.004442 -0.007031
v -0.002294 0.004442 -0.008561
v -0.001157 0.004442 -0.008787
v -0.003391 0.004442 -0.008188
v 0.000000 0.004442 -0.008561
v 0.000000 0.004442 -0.008188
v 0.000000 0.004442 -0.007675
v 0.000000 0.004442 -0.007031
v 0.000000 0.004442 -0.006267
v 0.000000 0.004442 -0.005395
v 0.000000 0.004442 -0.004431
v 0.000000 0.004442 -0.003391
v 0.000000 0.004442 -0.002294
v -0.000000 0.004442 -0.001157
v 0.012992 0.000262 0.001710
v 0.012064 0.001287 0.001596
v 0.012311 0.000249 0.000000
v 0.012399 0.000186 0.000682
v 0.011680 0.000938 0.000000
v 0.011715 0.001035 0.000714
v 0.011932 0.001221 0.001150
v 0.012813 0.000150 0.001130
v 0.011592 0.002623 0.001188
v 0.011575 0.001896 0.000663
v 0.012399 0.000186 -0.000682
v 0.011715 0.001035 -0.000714
v 0.011932 0.001221 -0.001150
v 0.012813 0.000150 -0.001130
v 0.011592 0.002623 -0.001188
v 0.012992 0.000262 -0.001710
v 0.012066 0.001287 -0.001580
v 0.011892 0.000249 -0.003186
v 0.012153 0.000186 -0.002550
v 0.011584 0.002838 -0.001525
v 0.011282 0.000938 -0.003023
v 0.011501 0.001035 -0.002342
v 0.011823 0.001221 -0.001978
v 0.012669 0.000150 -0.002225
v 0.011352 0.001896 -0.002356
v 0.012107 0.000262 -0.005015
v 0.011800 0.000186 -0.003868
v 0.011131 0.001035 -0.003722
v 0.011228 0.001221 -0.004199
v 0.012084 0.000150 -0.004408
v 0.010889 0.002623 -0.004147
v 0.011009 0.001896 -0.003636
v 0.011246 0.001287 -0.004649
v 0.010662 0.000249 -0.006155
v 0.011079 0.000186 -0.005609
v 0.010795 0.002838 -0.004471
v 0.010115 0.000938 -0.005840
v 0.010503 0.001035 -0.005239
v 0.010076 0.001633 -0.005817
v 0.010908 0.001221 -0.004970
v 0.011662 0.000150 -0.005428
v 0.010633 0.002623 -0.004767
v 0.010396 0.000262 -0.007977
v 0.010397 0.000186 -0.006790
v 0.009789 0.001035 -0.006476
v 0.009759 0.001221 -0.006962
v 0.010531 0.000150 -0.007385
v 0.009445 0.002623 -0.006824
v 0.009659 0.001287 -0.007401
v 0.008705 0.000249 -0.008705
v 0.009250 0.000186 -0.008285
v 0.009270 0.002838 -0.007113
v 0.008259 0.000938 -0.008259
v 0.008789 0.001035 -0.007779
v 0.009250 0.001221 -0.007624
v 0.009860 0.000150 -0.008261
v 0.008654 0.001896 -0.007716
v 0.007401 0.001287 -0.009659
v 0.008285 0.000186 -0.009250
v 0.007779 0.001035 -0.008789
v 0.007624 0.001221 -0.009250
v 0.008261 0.000150 -0.009860
v 0.007977 0.000262 -0.010396
v 0.006155 0.000249 -0.010662
v 0.006790 0.000186 -0.010397
v 0.007113 0.002838 -0.009270
v 0.005840 0.000938 -0.010115
v 0.006476 0.001035 -0.009789
v 0.006962 0.001221 -0.009759
v 0.007385 0.000150 -0.010531
v 0.006824 0.002623 -0.009445
v 0.006362 0.001896 -0.009693
v 0.005015 0.000262 -0.012107
v 0.005609 0.000186 -0.011079
v 0.005239 0.001035 -0.010503
v 0.004970 0.001221 -0.010908
v 0.005428 0.000150 -0.011662
v 0.004767 0.002623 -0.010633
v 0.005213 0.001896 -0.010356
v 0.004664 0.001287 -0.011239
v 0.003186 0.000249 -0.011892
v 0.003868 0.000186 -0.011800
v 0.004471 0.002838 -0.010795
v 0.003023 0.000938 -0.011282
v 0.003722 0.001035 -0.011131
v 0.003011 0.001633 -0.011238
v 0.004199 0.001221 -0.011228
v 0.004408 0.000150 -0.012084
v 0.004147 0.002623 -0.010889
v 0.002550 0.000186 -0.012153
v 0.002342 0.001035 -0.011501
v 0.001978 0.001221 -0.011823
v 0.002225 0.000150 -0.012669
v 0.001853 0.002623 -0.011504
v 0.002356 0.001896 -0.011352
v 0.001710 0.000262 -0.012992
v 0.001596 0.001287 -0.012064
v -0.000000 0.000249 -0.012311
v 0.000682 0.000186 -0.012399
v -0.000000 0.000938 -0.011680
v 0.000714 0.001035 -0.011715
v -0.000000 0.001633 -0.011635
v 0.001150 0.001221 -0.011932
v 0.001130 0.000150 -0.012813
v 0.000663 0.001896 -0.011575
v -0.001596 0.001287 -0.012064
v -0.000682 0.000186 -0.012399
v -0.000714 0.001035 -0.011715
v -0.001150 0.001221 -0.011932
v -0.001130 0.000150 -0.012813
v -0.001188 0.002623 -0.011592
v -0.001710 0.000262 -0.012992
v -0.003186 0.000249 -0.011892
v -0.002550 0.000186 -0.012153
v -0.003023 0.000938 -0.011282
v -0.002342 0.001035 -0.011501
v -0.001978 0.001221 -0.011823
v -0.002225 0.000150 -0.012669
v -0.001853 0.002623 -0.011504
v -0.005015 0.000262 -0.012107
v -0.004664 0.001287 -0.011239
v -0.003868 0.000186 -0.011800
v -0.003722 0.001035 -0.011131
v -0.004199 0.001221 -0.011228
v -0.004408 0.000150 -0.012084
v -0.003636 0.001896 -0.011009
v -0.006155 0.000249 -0.010662
v -0.005609 0.000186 -0.011079
v -0.005840 0.000938 -0.010115
v -0.005239 0.001035 -0.010503
v -0.005817 0.001633 -0.010076
v -0.004970 0.001221 -0.010908
v -0.005428 0.000150 -0.011662
v -0.004767 0.002623 -0.010633
v -0.007414 0.001287 -0.009649
v -0.006790 0.000186 -0.010397
v -0.006476 0.001035 -0.009789
v -0.006962 0.001221 -0.009759
v -0.007385 0.000150 -0.010531
v -0.006824 0.002623 -0.009445
v -0.006362 0.001896 -0.009693
v -0.007977 0.000262 -0.010396
v -0.008705 0.000249 -0.008705
v -0.008285 0.000186 -0.009250
v -0.007113 0.002838 -0.009270
v -0.008259 0.000938 -0.008259
v -0.007779 0.001035 -0.008789
v -0.008227 0.001633 -0.008227
v -0.007624 0.001221 -0.009250
v -0.008261 0.000150 -0.009860
v -0.007357 0.002623 -0.009036
v -0.009659 0.001287 -0.007401
v -0.009250 0.000186 -0.008285
v -0.009270 0.002838 -0.007113
v -0.008789 0.001035 -0.007779
v -0.009250 0.001221 -0.007624
v -0.009860 0.000150 -0.008261
v -0.009036 0.002623 -0.007357
v -0.008654 0.001896 -0.007716
v -0.010396 0.000262 -0.007977
v -0.010662 0.000249 -0.006155
v -0.010397 0.000186 -0.006790
v -0.010115 0.000938 -0.005840
v -0.009789 0.001035 -0.006476
v -0.010076 0.001633 -0.005817
v -0.009759 0.001221 -0.006962
v -0.010531 0.000150 -0.007385
v -0.009445 0.002623 -0.006824
v -0.009693 0.001896 -0.006362
v -0.011246 0.001287 -0.004649
v -0.011079 0.000186 -0.005609
v -0.010795 0.002838 -0.004471
v -0.010503 0.001035 -0.005239
v -0.010908 0.001221 -0.004970
v -0.011662 0.000150 -0.005428
v -0.010356 0.001896 -0.005213
v -0.012107 0.000262 -0.005015
v -0.011892 0.000249 -0.003186
v -0.011800 0.000186 -0.003868
v -0.011282 0.000938 -0.003023
v -0.011131 0.001035 -0.003722
v -0.011228 0.001221 -0.004199
v -0.012084 0.000150 -0.004408
v -0.011009 0.001896 -0.003636
v -0.012066 0.001287 -0.001580
v -0.012153 0.000186 -0.002550
v -0.011584 0.002838 -0.001525
v -0.011501 0.001035 -0.002342
v -0.011823 0.001221 -0.001978
v -0.012669 0.000150 -0.002225
v -0.012992 0.000262 -0.001710
v -0.012311 0.000249 0.000000
v -0.012399 0.000186 -0.000682
v -0.011680 0.000938 0.000000
v -0.011715 0.001035 -0.000714
v -0.011635 0.001633 0.000000
v -0.011932 0.001221 -0.001150
v -0.012813 0.000150 -0.001130
v -0.011575 0.001896 -0.000663
v -0.012992 0.000262 0.001710
v -0.012064 0.001287 0.001596
v -0.012399 0.000186 0.000682
v -0.011715 0.001035 0.000714
v -0.011932 0.001221 0.001150
v -0.012813 0.000150 0.001130
v -0.011892 0.000249 0.003186
v -0.012153 0.000186 0.002550
v -0.011282 0.000938 0.003023
v -0.011501 0.001035 0.002342
v -0.011823 0.001221 0.001978
v -0.012669 0.000150 0.002225
v -0.011504 0.002623 0.001853
v -0.012107 0.000262 0.005015
v -0.011239 0.001287 0.004664
v -0.011800 0.000186 0.003868
v -0.011131 0.001035 0.003722
v -0.011228 0.001221 0.004199
v -0.012084 0.000150 0.004408
v -0.010889 0.002623 0.004147
v -0.010662 0.000249 0.006155
v -0.011079 0.000186 0.005609
v -0.010115 0.000938 0.005840
v -0.010503 0.001035 0.005239
v -0.010076 0.001633 0.005817
v -0.010908 0.001221 0.004970
v -0.011662 0.000150 0.005428
v -0.010396 0.000262 0.007977
v -0.009649 0.001287 0.007414
v -0.010397 0.000186 0.006790
v -0.009789 0.001035 0.006476
v -0.009759 0.001221 0.006962
v -0.010531 0.000150 0.007385
v -0.009445 0.002623 0.006824
v -0.009693 0.001896 0.006362
v -0.008705 0.000249 0.008705
v -0.009250 0.000186 0.008285
v -0.008259 0.000938 0.008259
v -0.008789 0.001035 0.007779
v -0.008227 0.001633 0.008227
v -0.009250 0.001221 0.007624
v -0.009860 0.000150 0.008261
v -0.008285 0.000186 0.009250
v -0.007779 0.001035 0.008789
v -0.007624 0.001221 0.009250
v -0.008261 0.000150 0.009860
v -0.007977 0.000262 0.010396
v -0.007414 0.001287 0.009649
v -0.006155 0.000249 0.010662
v -0.006790 0.000186 0.010397
v -0.005840 0.000938 0.010115
v -0.006476 0.001035 0.009789
v -0.006962 0.001221 0.009759
v -0.007385 0.000150 0.010531
v -0.006824 0.002623 0.009445
v -0.005015 0.000262 0.012107
v -0.004649 0.001287 0.011246
v -0.005609 0.000186 0.011079
v -0.004471 0.002838 0.010795
v -0.005239 0.001035 0.010503
v -0.004970 0.001221 0.010908
v -0.005428 0.000150 0.011662
v -0.004767 0.002623 0.010633
v -0.005213 0.001896 0.010356
v -0.003186 0.000249 0.011892
v -0.003868 0.000186 0.011800
v -0.003023 0.000938 0.011282
v -0.003722 0.001035 0.011131
v -0.004199 0.001221 0.011228
v -0.004408 0.000150 0.012084
v -0.003636 0.001896 0.011009
v -0.001710 0.000262 0.012992
v -0.001580 0.001287 0.012066
v -0.002550 0.000186 0.012153
v -0.001525 0.002838 0.011584
v -0.002342 0.001035 0.011501
v -0.001978 0.001221 0.011823
v -0.002225 0.000150 0.012669
v 0.000000 0.000249 0.012311
v -0.000682 0.000186 0.012399
v 0.000000 0.000938 0.011680
v -0.000714 0.001035 0.011715
v -0.001150 0.001221 0.011932
v -0.001130 0.000150 0.012813
v -0.000663 0.001896 0.011575
v 0.001710 0.000262 0.012992
v 0.000682 0.000186 0.012399
v 0.000714 0.001035 0.011715
v 0.001150 0.001221 0.011932
v 0.001130 0.000150 0.012813
v 0.001188 0.002623 0.011592
v 0.000663 0.001896 0.011575
v 0.001580 0.001287 0.012066
v 0.003186 0.000249 0.011892
v 0.002550 0.000186 0.012153
v 0.003023 0.000938 0.011282
v 0.002342 0.001035 0.011501
v 0.001978 0.001221 0.011823
v 0.002225 0.000150 0.012669
v 0.002356 0.001896 0.011352
v 0.005015 0.000262 0.012107
v 0.003868 0.000186 0.011800
v 0.003722 0.001035 0.011131
v 0.004199 0.001221 0.011228
v 0.004408 0.000150 0.012084
v 0.004147 0.002623 0.010889
v 0.003636 0.001896 0.011009
v 0.004649 0.001287 0.011246
v 0.006155 0.000249 0.010662
v 0.005609 0.000186 0.011079
v 0.004471 0.002838 0.010795
v 0.005840 0.000938 0.010115
v 0.005239 0.001035 0.010503
v 0.004970 0.001221 0.010908
v 0.005428 0.000150 0.011662
v 0.007977 0.000262 0.010396
v 0.006790 0.000186 0.010397
v 0.006476 0.001035 0.009789
v 0.006962 0.001221 0.009759
v 0.007385 0.000150 0.010531
v 0.006824 0.002623 0.009445
v 0.006362 0.001896 0.009693
v 0.007401 0.001287 0.009659
v 0.008705 0.000249 0.008705
v 0.008285 0.000186 0.009250
v 0.008259 0.000938 0.008259
v 0.007779 0.001035 0.008789
v 0.008227 0.001633 0.008227
v 0.007624 0.001221 0.009250
v 0.008261 0.000150 0.009860
v 0.007357 0.002623 0.009036
v 0.007716 0.001896 0.008654
v 0.010396 0.000262 0.007977
v 0.009250 0.000186 0.008285
v 0.008789 0.001035 0.007779
v 0.009250 0.001221 0.007624
v 0.009860 0.000150 0.008261
v 0.009036 0.002623 0.007357
v 0.008654 0.001896 0.007716
v 0.009649 0.001287 0.007414
v 0.010662 0.000249 0.006155
v 0.010397 0.000186 0.006790
v 0.010115 0.000938 0.005840
v 0.009789 0.001035 0.006476
v 0.009759 0.001221 0.006962
v 0.010531 0.000150 0.007385
v 0.009445 0.002623 0.006824
v 0.009693 0.001896 0.006362
v 0.012107 0.000262 0.005015
v 0.011079 0.000186 0.005609
v 0.010503 0.001035 0.005239
v 0.010908 0.001221 0.004970
v 0.011662 0.000150 0.005428
v 0.010633 0.002623 0.004767
v 0.010356 0.001896 0.005213
v 0.011239 0.001287 0.004664
v 0.011892 0.000249 0.003186
v 0.011800 0.000186 0.003868
v 0.011282 0.000938 0.003023
v 0.011131 0.001035 0.003722
v 0.011228 0.001221 0.004199
v 0.012084 0.000150 0.004408
v 0.010889 0.002623 0.004147
v 0.011009 0.001896 0.003636
v 0.012153 0.000186 0.002550
v 0.011584 0.002838 0.001525
v 0.011501 0.001035 0.002342
v 0.011823 0.001221 0.001978
v 0.012669 0.000150 0.002225
v 0.011504 0.002623 0.001853
v 0.011352 0.001896 0.002356
v 0.000000 0.001633 0.011635
v -0.001188 0.002623 0.011592
v 0.000000 0.002745 0.011651
v -0.001525 0.003329 0.011584
v 0.001525 0.002838 0.011584
v 0.001525 0.003329 0.011584
v 0.003011 0.001633 0.011238
v 0.001853 0.002623 0.011504
v 0.003016 0.002745 0.011254
v 0.004471 0.003329 0.010795
v 0.005817 0.001633 0.010076
v 0.004767 0.002623 0.010633
v 0.005213 0.001896 0.010356
v 0.005826 0.002745 0.010090
v 0.007113 0.002838 0.009270
v 0.008239 0.002745 0.008239
v 0.007113 0.003329 0.009270
v 0.009270 0.003329 0.007113
v 0.009270 0.002838 0.007113
v 0.010076 0.001633 0.005817
v 0.010090 0.002745 0.005826
v 0.010795 0.002838 0.004471
v 0.010795 0.003329 0.004471
v 0.011238 0.001633 0.003011
v 0.011254 0.002745 0.003016
v 0.011584 0.003329 0.001525
v 0.011635 0.001633 0.000000
v 0.011651 0.002745 0.000000
v -0.000663 0.001896 -0.011575
v 0.001188 0.002623 -0.011592
v 0.000000 0.002745 -0.011651
v -0.001525 0.003329 -0.011584
v 0.001525 0.002838 -0.011584
v 0.001525 0.003329 -0.011584
v 0.003636 0.001896 -0.011009
v 0.003016 0.002745 -0.011254
v 0.004471 0.003329 -0.010795
v 0.005817 0.001633 -0.010076
v 0.005826 0.002745 -0.010090
v 0.008227 0.001633 -0.008227
v 0.007357 0.002623 -0.009036
v 0.007716 0.001896 -0.008654
v 0.009036 0.002623 -0.007357
v 0.008239 0.002745 -0.008239
v 0.007113 0.003329 -0.009270
v 0.009270 0.003329 -0.007113
v 0.009693 0.001896 -0.006362
v 0.010356 0.001896 -0.005213
v 0.010090 0.002745 -0.005826
v 0.010795 0.003329 -0.004471
v 0.011238 0.001633 -0.003011
v 0.011504 0.002623 -0.001853
v 0.011254 0.002745 -0.003016
v 0.011584 0.003329 -0.001525
v 0.011575 0.001896 -0.000663
v -0.011592 0.002623 -0.001188
v -0.011584 0.003329 -0.001525
v -0.011238 0.001633 -0.003011
v -0.011504 0.002623 -0.001853
v -0.011352 0.001896 -0.002356
v -0.010889 0.002623 -0.004147
v -0.011254 0.002745 -0.003016
v -0.010633 0.002623 -0.004767
v -0.010090 0.002745 -0.005826
v -0.010795 0.003329 -0.004471
v -0.007716 0.001896 -0.008654
v -0.008239 0.002745 -0.008239
v -0.009270 0.003329 -0.007113
v -0.007113 0.003329 -0.009270
v -0.005213 0.001896 -0.010356
v -0.005826 0.002745 -0.010090
v -0.004471 0.002838 -0.010795
v -0.003011 0.001633 -0.011238
v -0.004147 0.002623 -0.010889
v -0.011592 0.002623 0.001188
v -0.011575 0.001896 0.000663
v -0.011651 0.002745 0.000000
v -0.011584 0.002838 0.001525
v -0.011584 0.003329 0.001525
v -0.011238 0.001633 0.003011
v -0.011352 0.001896 0.002356
v -0.011009 0.001896 0.003636
v -0.011254 0.002745 0.003016
v -0.010795 0.002838 0.004471
v -0.010633 0.002623 0.004767
v -0.010356 0.001896 0.005213
v -0.010090 0.002745 0.005826
v -0.010795 0.003329 0.004471
v -0.009270 0.002838 0.007113
v -0.009036 0.002623 0.007357
v -0.008654 0.001896 0.007716
v -0.007357 0.002623 0.009036
v -0.007716 0.001896 0.008654
v -0.008239 0.002745 0.008239
v -0.009270 0.003329 0.007113
v -0.007113 0.002838 0.009270
v -0.007113 0.003329 0.009270
v -0.005817 0.001633 0.010076
v -0.006362 0.001896 0.009693
v -0.005826 0.002745 0.010090
v -0.003011 0.001633 0.011238
v -0.004147 0.002623 0.010889
v -0.001853 0.002623 0.011504
v -0.002356 0.001896 0.011352
v -0.003016 0.002745 0.011254
v -0.004471 0.003329 0.010795
v 0.000000 0.005965 0.008521
v -0.001115 0.005965 0.008473
v 0.001115 0.005965 0.008473
v 0.002206 0.005965 0.008231
v 0.004261 0.005965 0.007380
v 0.003270 0.005965 0.007895
v 0.006026 0.005965 0.006026
v 0.005202 0.005965 0.006780
v 0.007380 0.005965 0.004261
v 0.006780 0.005965 0.005202
v 0.007895 0.005965 0.003270
v 0.008231 0.005965 0.002206
v 0.008521 0.005965 0.000000
v 0.008473 0.005965 0.001115
v -0.002356 0.001896 -0.011352
v -0.003016 0.002745 -0.011254
v -0.004471 0.003329 -0.010795
v -0.001525 0.002838 -0.011584
v 0.000000 0.005965 -0.008521
v -0.001115 0.005965 -0.008473
v 0.001115 0.005965 -0.008473
v 0.002206 0.005965 -0.008231
v 0.004261 0.005965 -0.007380
v 0.003270 0.005965 -0.007895
v 0.006026 0.005965 -0.006026
v 0.005202 0.005965 -0.006780
v 0.007380 0.005965 -0.004261
v 0.006780 0.005965 -0.005202
v 0.007895 0.005965 -0.003270
v 0.008231 0.005965 -0.002206
v 0.008473 0.005965 -0.001115
v -0.008521 0.005965 0.000000
v -0.008473 0.005965 0.001115
v -0.008231 0.005965 0.002206
v -0.007895 0.005965 0.003270
v -0.007380 0.005965 0.004261
v -0.006780 0.005965 0.005202
v -0.006026 0.005965 0.006026
v -0.005202 0.005965 0.006780
v -0.004261 0.005965 0.007380
v -0.002206 0.005965 0.008231
v -0.003270 0.005965 0.007895
v 0.000000 0.004341 0.011651
v 0.000000 0.005965 0.010263
v 0.000000 0.005304 0.011250
v -0.001343 0.005965 0.010204
v -0.001525 0.004341 0.011584
v -0.001473 0.005304 0.011186
v 0.001525 0.004341 0.011584
v 0.001343 0.005965 0.010204
v 0.001473 0.005304 0.011186
v 0.003016 0.004341 0.011254
v 0.002656 0.005965 0.009913
v 0.002912 0.005304 0.010867
v 0.005826 0.004341 0.010090
v 0.005131 0.005965 0.008888
v 0.005625 0.005304 0.009743
v 0.003939 0.005965 0.009509
v 0.004471 0.004341 0.010795
v 0.004318 0.005304 0.010424
v 0.008239 0.004341 0.008239
v 0.007257 0.005965 0.007257
v 0.007955 0.005304 0.007955
v 0.006266 0.005965 0.008165
v 0.007113 0.004341 0.009270
v 0.006868 0.005304 0.008951
v 0.010090 0.004341 0.005826
v 0.008888 0.005965 0.005131
v 0.009743 0.005304 0.005625
v 0.008165 0.005965 0.006266
v 0.009270 0.004341 0.007113
v 0.008951 0.005304 0.006868
v 0.010795 0.004341 0.004471
v 0.009509 0.005965 0.003939
v 0.010424 0.005304 0.004318
v 0.011254 0.004341 0.003016
v 0.009913 0.005965 0.002656
v 0.010867 0.005304 0.002912
v 0.011651 0.004341 0.000000
v 0.010263 0.005965 0.000000
v 0.011250 0.005304 0.000000
v 0.010204 0.005965 0.001343
v 0.011584 0.004341 0.001525
v 0.011186 0.005304 0.001473
v -0.008473 0.005965 -0.001115
v -0.008231 0.005965 -0.002206
v -0.007895 0.005965 -0.003270
v -0.007380 0.005965 -0.004261
v -0.006780 0.005965 -0.005202
v -0.006026 0.005965 -0.006026
v -0.005202 0.005965 -0.006780
v -0.004261 0.005965 -0.007380
v -0.002206 0.005965 -0.008231
v -0.003270 0.005965 -0.007895
v 0.000000 0.004341 -0.011651
v 0.000000 0.005965 -0.010263
v 0.000000 0.005304 -0.011250
v -0.001343 0.005965 -0.010204
v -0.001525 0.004341 -0.011584
v -0.001473 0.005304 -0.011186
v 0.001525 0.004341 -0.011584
v 0.001343 0.005965 -0.010204
v 0.001473 0.005304 -0.011186
v 0.003016 0.004341 -0.011254
v 0.002656 0.005965 -0.009913
v 0.002912 0.005304 -0.010867
v 0.005826 0.004341 -0.010090
v 0.005131 0.005965 -0.008888
v 0.005625 0.005304 -0.009743
v 0.003939 0.005965 -0.009509
v 0.004471 0.004341 -0.010795
v 0.004318 0.005304 -0.010424
v 0.008239 0.004341 -0.008239
v 0.007257 0.005965 -0.007257
v 0.007955 0.005304 -0.007955
v 0.006266 0.005965 -0.008165
v 0.007113 0.004341 -0.009270
v 0.006868 0.005304 -0.008951
v 0.010090 0.004341 -0.005826
v 0.008888 0.005965 -0.005131
v 0.009743 0.005304 -0.005625
v 0.008165 0.005965 -0.006266
v 0.009270 0.004341 -0.007113
v 0.008951 0.005304 -0.006868
v 0.010795 0.004341 -0.004471
v 0.009509 0.005965 -0.003939
v 0.010424 0.005304 -0.004318
v 0.011254 0.004341 -0.003016
v 0.009913 0.005965 -0.002656
v 0.010867 0.005304 -0.002912
v 0.010204 0.005965 -0.001343
v 0.011584 0.004341 -0.001525
v 0.011186 0.005304 -0.001473
v -0.011584 0.004341 -0.001525
v -0.010204 0.005965 -0.001343
v -0.011186 0.005304 -0.001473
v -0.009913 0.005965 -0.002656
v -0.011254 0.004341 -0.003016
v -0.010867 0.005304 -0.002912
v -0.010795 0.004341 -0.004471
v -0.009509 0.005965 -0.003939
v -0.010424 0.005304 -0.004318
v -0.008888 0.005965 -0.005131
v -0.010090 0.004341 -0.005826
v -0.011651 0.004341 0.000000
v -0.010263 0.005965 0.000000
v -0.011250 0.005304 0.000000
v -0.009743 0.005304 -0.005625
v -0.009270 0.004341 -0.007113
v -0.008165 0.005965 -0.006266
v -0.011584 0.004341 0.001525
v -0.010204 0.005965 0.001343
v -0.011186 0.005304 0.001473
v -0.009913 0.005965 0.002656
v -0.011254 0.004341 0.003016
v -0.010867 0.005304 0.002912
v -0.010795 0.004341 0.004471
v -0.009509 0.005965 0.003939
v -0.010424 0.005304 0.004318
v -0.008888 0.005965 0.005131
v -0.010090 0.004341 0.005826
v -0.009743 0.005304 0.005625
v -0.009270 0.004341 0.007113
v -0.008165 0.005965 0.006266
v -0.008951 0.005304 0.006868
v -0.007257 0.005965 0.007257
v -0.008239 0.004341 0.008239
v -0.007955 0.005304 0.007955
v -0.007113 0.004341 0.009270
v -0.006266 0.005965 0.008165
v -0.006868 0.005304 0.008951
v -0.005826 0.004341 0.010090
v -0.005131 0.005965 0.008888
v -0.005625 0.005304 0.009743
v -0.003016 0.004341 0.011254
v -0.002656 0.005965 0.009913
v -0.002912 0.005304 0.010867
v -0.003939 0.005965 0.009509
v -0.004471 0.004341 0.010795
v -0.004318 0.005304 0.010424
v -0.008951 0.005304 -0.006868
v -0.007257 0.005965 -0.007257
v -0.008239 0.004341 -0.008239
v -0.007955 0.005304 -0.007955
v -0.007113 0.004341 -0.009270
v -0.006266 0.005965 -0.008165
v -0.006868 0.005304 -0.008951
v -0.005826 0.004341 -0.010090
v -0.005131 0.005965 -0.008888
v -0.005625 0.005304 -0.009743
v 0.000000 0.005965 0.000000
v 0.000000 0.005965 0.001115
v 0.000000 0.005965 0.002206
v 0.000000 0.005965 0.003270
v 0.000000 0.005965 0.004261
v 0.000000 0.005965 0.005202
v 0.000000 0.005965 0.006026
v 0.000000 0.005965 0.006780
v 0.000000 0.005965 0.007380
v 0.000000 0.005965 0.007895
v 0.000000 0.005965 0.008231
v -0.003016 0.004341 -0.011254
v -0.002656 0.005965 -0.009913
v -0.002912 0.005304 -0.010867
v -0.003939 0.005965 -0.009509
v -0.004471 0.004341 -0.010795
v -0.004318 0.005304 -0.010424
v 0.000000 0.005965 -0.001115
v 0.000000 0.005965 -0.002206
v 0.000000 0.005965 -0.003270
v 0.000000 0.005965 -0.004261
v 0.000000 0.005965 -0.005202
v 0.000000 0.005965 -0.006026
v 0.000000 0.005965 -0.006780
v 0.000000 0.005965 -0.007380
v 0.000000 0.005965 -0.007895
v 0.000000 0.005965 -0.008231
vt 0.510090 0.723282
vt 0.528164 0.723294
vt 0.529385 0.748880
vt 0.502793 0.742001
vt 0.460066 0.723198
vt 0.486008 0.723247
vt 0.482444 0.735529
vt 0.458428 0.737479
vt 0.452655 0.749794
vt 0.452005 0.758925
vt 0.502860 0.704566
vt 0.529436 0.697821
vt 0.458479 0.708908
vt 0.482491 0.710952
vt 0.452749 0.696563
vt 0.452135 0.687425
vt 0.517324 0.778497
vt 0.534785 0.773809
vt 0.542612 0.798198
vt 0.515143 0.798469
vt 0.468994 0.791430
vt 0.494057 0.784725
vt 0.493810 0.797513
vt 0.471131 0.805642
vt 0.468763 0.819028
vt 0.470511 0.828010
vt 0.505473 0.762302
vt 0.463736 0.778045
vt 0.487461 0.773768
vt 0.454983 0.767611
vt 0.538655 0.829934
vt 0.554301 0.820872
vt 0.568189 0.842396
vt 0.541732 0.849786
vt 0.495353 0.854967
vt 0.517806 0.841988
vt 0.520886 0.854397
vt 0.501101 0.868128
vt 0.502286 0.881663
vt 0.506302 0.889880
vt 0.523006 0.817374
vt 0.486803 0.843416
vt 0.508593 0.833124
vt 0.475643 0.835619
vt 0.572594 0.874078
vt 0.585359 0.861269
vt 0.604354 0.878468
vt 0.580708 0.892457
vt 0.537260 0.909465
vt 0.555580 0.891121
vt 0.561767 0.902307
vt 0.546213 0.920686
vt 0.550858 0.933453
vt 0.556861 0.940351
vt 0.554224 0.866002
vt 0.526018 0.900528
vt 0.544388 0.884947
vt 0.513227 0.895895
vt 0.616809 0.907941
vt 0.625831 0.892261
vt 0.648637 0.903970
vt 0.629403 0.923603
vt 0.591819 0.951265
vt 0.604777 0.928808
vt 0.613647 0.938017
vt 0.603366 0.959795
vt 0.611153 0.970934
vt 0.618736 0.976050
vt 0.596970 0.904890
vt 0.578652 0.945537
vt 0.592368 0.925738
vt 0.565104 0.944369
vt 0.668291 0.929239
vt 0.672960 0.911753
vt 0.698021 0.917189
vt 0.684511 0.941123
vt 0.655336 0.977570
vt 0.662058 0.952517
vt 0.673010 0.959126
vt 0.668702 0.982832
vt 0.679109 0.991589
vt 0.687762 0.994575
vt 0.648330 0.931418
vt 0.641131 0.975434
vt 0.649271 0.952756
vt 0.627738 0.977804
vt 0.936910 0.723216
vt 0.918835 0.723234
vt 0.917556 0.697761
vt 0.944133 0.704498
vt 0.988576 0.737397
vt 0.994353 0.749710
vt 0.944212 0.741933
vt 0.964560 0.735455
vt 0.917623 0.748820
vt 0.944154 0.564958
vt 0.904917 0.596952
vt 0.878588 0.604442
vt 0.940099 0.556757
vt 0.986934 0.723116
vt 0.960991 0.723173
vt 0.723533 0.936537
vt 0.704820 0.943794
vt 0.723530 0.918476
vt 0.723541 0.986568
vt 0.709251 0.988184
vt 0.711248 0.964159
vt 0.723536 0.960618
vt 0.696916 0.993942
vt 0.929693 0.778434
vt 0.912230 0.773751
vt 0.941538 0.762235
vt 0.978027 0.791352
vt 0.975894 0.805564
vt 0.953212 0.797441
vt 0.952962 0.784654
vt 0.995005 0.758841
vt 0.959554 0.773695
vt 0.945394 0.578469
vt 0.925701 0.592260
vt 0.988516 0.708826
vt 0.964504 0.710878
vt 0.994242 0.696479
vt 0.994853 0.687341
vt 0.978266 0.818950
vt 0.931879 0.798405
vt 0.951687 0.854896
vt 0.945943 0.868059
vt 0.926154 0.854334
vt 0.929230 0.841925
vt 0.904410 0.798141
vt 0.983280 0.777965
vt 0.976521 0.827932
vt 0.909797 0.909407
vt 0.900847 0.920631
vt 0.885288 0.902257
vt 0.891471 0.891069
vt 0.992030 0.767527
vt 0.908378 0.829876
vt 0.905306 0.849730
vt 0.878847 0.842349
vt 0.892728 0.820819
vt 0.896207 0.933400
vt 0.890206 0.940299
vt 0.842693 0.878431
vt 0.866344 0.892413
vt 0.944762 0.881595
vt 0.940749 0.889813
vt 0.874452 0.874031
vt 0.861683 0.861226
vt 0.892820 0.865950
vt 0.924023 0.817312
vt 0.960233 0.843342
vt 0.938440 0.833057
vt 0.971391 0.835543
vt 0.902661 0.884892
vt 0.921036 0.900467
vt 0.855251 0.951224
vt 0.843706 0.959758
vt 0.833420 0.937983
vt 0.842286 0.928771
vt 0.835923 0.970899
vt 0.828342 0.976018
vt 0.798418 0.903947
vt 0.817659 0.923574
vt 0.933826 0.895830
vt 0.791742 0.977549
vt 0.778378 0.982815
vt 0.774063 0.959110
vt 0.785013 0.952498
vt 0.830248 0.907907
vt 0.821221 0.892230
vt 0.850085 0.904851
vt 0.778772 0.929222
vt 0.774098 0.911737
vt 0.798733 0.931395
vt 0.881964 0.944320
vt 0.854694 0.925697
vt 0.868416 0.945492
vt 0.805947 0.975408
vt 0.797800 0.952733
vt 0.819340 0.977775
vt 0.723467 0.510734
vt 0.742120 0.503500
vt 0.748925 0.530017
vt 0.723470 0.528733
vt 0.762556 0.941111
vt 0.749039 0.917180
vt 0.723459 0.460896
vt 0.737688 0.459286
vt 0.735707 0.483211
vt 0.723463 0.486742
vt 0.767974 0.991575
vt 0.759322 0.994564
vt 0.735826 0.964156
vt 0.737830 0.988179
vt 0.805520 0.471951
vt 0.818835 0.469570
vt 0.798434 0.515803
vt 0.797457 0.494539
vt 0.742248 0.943788
vt 0.750167 0.993934
vt 0.827795 0.471298
vt 0.798187 0.543228
vt 0.749967 0.453550
vt 0.759084 0.452918
vt 0.829876 0.539139
vt 0.849687 0.542131
vt 0.842435 0.568533
vt 0.820903 0.554779
vt 0.881278 0.502685
vt 0.889487 0.506644
vt 0.854661 0.495914
vt 0.867786 0.501571
vt 0.854197 0.521338
vt 0.841822 0.518319
vt 0.778543 0.517996
vt 0.773915 0.535428
vt 0.784721 0.494795
vt 0.791386 0.469842
vt 0.773805 0.488221
vt 0.778079 0.464608
vt 0.762360 0.506163
vt 0.874056 0.572782
vt 0.892428 0.580788
vt 0.861342 0.585574
vt 0.767706 0.455889
vt 0.890971 0.555735
vt 0.902159 0.561848
vt 0.909166 0.537372
vt 0.920410 0.546236
vt 0.933180 0.550803
vt 0.832962 0.509172
vt 0.843144 0.487453
vt 0.817301 0.523580
vt 0.908052 0.616734
vt 0.923738 0.629238
vt 0.904224 0.648513
vt 0.892446 0.625806
vt 0.835361 0.476377
vt 0.928826 0.604633
vt 0.938061 0.613446
vt 0.951186 0.591585
vt 0.959767 0.603080
vt 0.884760 0.544606
vt 0.900195 0.526220
vt 0.865918 0.554501
vt 0.929512 0.668045
vt 0.912073 0.672758
vt 0.931620 0.648108
vt 0.895514 0.513509
vt 0.977755 0.654943
vt 0.983060 0.668295
vt 0.959376 0.672668
vt 0.952739 0.661746
vt 0.941424 0.684208
vt 0.975562 0.640749
vt 0.952933 0.648970
vt 0.977874 0.627356
vt 0.970936 0.610813
vt 0.976089 0.618385
vt 0.991844 0.678679
vt 0.698015 0.530025
vt 0.704811 0.503505
vt 0.711218 0.483215
vt 0.709230 0.459290
vt 0.696949 0.453558
vt 0.687832 0.452929
vt 0.668393 0.518013
vt 0.673026 0.535444
vt 0.648757 0.543251
vt 0.648501 0.515826
vt 0.655535 0.469862
vt 0.662208 0.494814
vt 0.649471 0.494562
vt 0.641402 0.471976
vt 0.628086 0.469600
vt 0.619126 0.471330
vt 0.684572 0.506175
vt 0.668841 0.464625
vt 0.673122 0.488236
vt 0.679210 0.455903
vt 0.617067 0.539172
vt 0.626044 0.554810
vt 0.604516 0.568570
vt 0.597256 0.542170
vt 0.592268 0.495955
vt 0.605114 0.518356
vt 0.592740 0.521378
vt 0.579145 0.501616
vt 0.565653 0.502734
vt 0.557445 0.506696
vt 0.629637 0.523609
vt 0.603782 0.487490
vt 0.613971 0.509205
vt 0.611562 0.476412
vt 0.572897 0.572828
vt 0.585615 0.585617
vt 0.568374 0.604490
vt 0.554528 0.580841
vt 0.537776 0.537430
vt 0.555976 0.555787
vt 0.544790 0.561903
vt 0.526535 0.546297
vt 0.513766 0.550867
vt 0.506849 0.556824
vt 0.581030 0.554545
vt 0.546743 0.526275
vt 0.562184 0.544656
vt 0.551421 0.513562
vt 0.538915 0.616792
vt 0.554523 0.625859
vt 0.542752 0.648569
vt 0.523232 0.629300
vt 0.495772 0.591656
vt 0.518137 0.604697
vt 0.508904 0.613512
vt 0.487196 0.603153
vt 0.476029 0.610890
vt 0.470878 0.618464
vt 0.542043 0.597008
vt 0.501561 0.578538
vt 0.521258 0.592323
vt 0.502796 0.565026
vt 0.517471 0.668109
vt 0.534911 0.672816
vt 0.505563 0.684276
vt 0.469223 0.655022
vt 0.494241 0.661817
vt 0.487608 0.672741
vt 0.463923 0.668375
vt 0.455141 0.678762
vt 0.515356 0.648173
vt 0.471412 0.640827
vt 0.494044 0.649041
vt 0.469096 0.627435
vt 0.556024 0.678551
vt 0.551522 0.700699
vt 0.883654 0.657034
vt 0.873558 0.636825
vt 0.890962 0.678499
vt 0.891071 0.768119
vt 0.895538 0.745871
vt 0.746101 0.552132
vt 0.723473 0.550731
vt 0.636797 0.873276
vt 0.657104 0.883314
vt 0.700874 0.895005
vt 0.723527 0.896392
vt 0.573275 0.809929
vt 0.585826 0.828753
vt 0.895471 0.700646
vt 0.601001 0.601135
vt 0.586025 0.618038
vt 0.600854 0.845777
vt 0.550041 0.723348
vt 0.551469 0.745924
vt 0.883840 0.789549
vt 0.573414 0.636871
vt 0.563325 0.657083
vt 0.618048 0.586208
vt 0.700846 0.552140
vt 0.678680 0.556525
vt 0.657173 0.563699
vt 0.768268 0.556511
vt 0.860942 0.617995
vt 0.845961 0.601097
vt 0.746178 0.894998
vt 0.789945 0.883293
vt 0.810249 0.873249
vt 0.896958 0.723295
vt 0.617863 0.860714
vt 0.555943 0.768171
vt 0.810079 0.573720
vt 0.789777 0.563679
vt 0.678656 0.890558
vt 0.768395 0.890544
vt 0.563180 0.789599
vt 0.829179 0.860682
vt 0.846184 0.845739
vt 0.861206 0.828710
vt 0.636874 0.573747
vt 0.828909 0.586175
vt 0.873752 0.809883
vt 0.565986 0.702600
vt 0.564578 0.723306
vt 0.803015 0.860586
vt 0.820314 0.849062
vt 0.835929 0.835388
vt 0.565939 0.744004
vt 0.569990 0.764353
vt 0.764673 0.876435
vt 0.784380 0.869767
vt 0.744211 0.566547
vt 0.723475 0.565321
vt 0.576659 0.783983
vt 0.585853 0.802593
vt 0.744286 0.880503
vt 0.849390 0.626886
vt 0.835677 0.611374
vt 0.597389 0.819829
vt 0.611105 0.835423
vt 0.723524 0.881892
vt 0.876906 0.682247
vt 0.870185 0.662629
vt 0.626725 0.849092
vt 0.644027 0.860611
vt 0.802798 0.586308
vt 0.784193 0.577186
vt 0.860961 0.644090
vt 0.662665 0.869786
vt 0.682374 0.876447
vt 0.820051 0.597748
vt 0.682432 0.570651
vt 0.662761 0.577205
vt 0.702740 0.566553
vt 0.702762 0.880509
vt 0.881007 0.702551
vt 0.644159 0.586332
vt 0.626909 0.597778
vt 0.882421 0.723257
vt 0.611288 0.611409
vt 0.597580 0.626925
vt 0.877022 0.764305
vt 0.881067 0.743955
vt 0.849640 0.819789
vt 0.586014 0.644132
vt 0.576795 0.662674
vt 0.861171 0.802550
vt 0.870359 0.783938
vt 0.570081 0.682294
vt 0.764520 0.570639
vt 0.570004 0.723311
vt 0.576698 0.723318
vt 0.585901 0.723328
vt 0.597458 0.723340
vt 0.611169 0.723353
vt 0.626799 0.723367
vt 0.644080 0.723380
vt 0.662717 0.723391
vt 0.682392 0.723400
vt 0.702770 0.723405
vt 0.723500 0.723405
vt 0.876995 0.723264
vt 0.870302 0.723273
vt 0.861098 0.723285
vt 0.849541 0.723301
vt 0.835831 0.723318
vt 0.820201 0.723337
vt 0.802920 0.723355
vt 0.784283 0.723373
vt 0.764608 0.723388
vt 0.744230 0.723399
vt 0.310964 0.610069
vt 0.310982 0.589097
vt 0.325533 0.587366
vt 0.327326 0.611875
vt 0.335649 0.553744
vt 0.342229 0.548565
vt 0.347065 0.584161
vt 0.336292 0.585056
vt 0.339777 0.613128
vt 0.350415 0.611158
vt 0.324811 0.569372
vt 0.310993 0.574834
vt 0.296436 0.587340
vt 0.297185 0.569351
vt 0.285683 0.585011
vt 0.286364 0.553703
vt 0.275255 0.584141
vt 0.279791 0.548513
vt 0.294595 0.611855
vt 0.282137 0.613087
vt 0.271515 0.611080
vt 0.233687 0.599824
vt 0.239130 0.579575
vt 0.253631 0.581667
vt 0.249023 0.605802
vt 0.272098 0.551813
vt 0.264619 0.582219
vt 0.260725 0.610233
vt 0.257588 0.564102
vt 0.242831 0.565803
vt 0.225537 0.574115
vt 0.230914 0.556936
vt 0.215755 0.569084
vt 0.224511 0.539025
vt 0.205910 0.565546
vt 0.219506 0.532313
vt 0.217417 0.597313
vt 0.205067 0.595280
vt 0.195329 0.590593
vt 0.161712 0.569938
vt 0.172205 0.551793
vt 0.185667 0.557563
vt 0.174974 0.579678
vt 0.211222 0.533509
vt 0.196136 0.560939
vt 0.185128 0.586984
vt 0.194031 0.541625
vt 0.179341 0.539451
vt 0.160491 0.543005
vt 0.170125 0.527806
vt 0.152346 0.535618
vt 0.168572 0.508854
vt 0.143753 0.529658
vt 0.165473 0.501078
vt 0.146652 0.563306
vt 0.135254 0.558149
vt 0.127062 0.551107
vt 0.099945 0.522481
vt 0.114757 0.507669
vt 0.126268 0.516718
vt 0.110232 0.535308
vt 0.157164 0.500092
vt 0.135506 0.522682
vt 0.118147 0.544986
vt 0.138463 0.503487
vt 0.124837 0.497591
vt 0.105709 0.496157
vt 0.118943 0.483963
vt 0.099744 0.486916
vt 0.122344 0.465260
vt 0.092768 0.478665
vt 0.121361 0.456949
vt 0.087115 0.512194
vt 0.077435 0.504280
vt 0.071313 0.495368
vt 0.052465 0.460682
vt 0.070635 0.450192
vt 0.079420 0.461917
vt 0.059099 0.475759
vt 0.113586 0.453847
vt 0.086807 0.470068
vt 0.064260 0.487168
vt 0.094630 0.452286
vt 0.082987 0.443061
vt 0.064874 0.436720
vt 0.080822 0.428365
vt 0.061509 0.426245
vt 0.088951 0.411168
vt 0.057044 0.416783
vt 0.090155 0.402883
vt 0.042723 0.447397
vt 0.035423 0.437224
vt 0.031847 0.427020
vt 0.022678 0.388637
vt 0.042928 0.383224
vt 0.048369 0.396823
vt 0.025169 0.404904
vt 0.083449 0.397875
vt 0.053388 0.406613
vt 0.027183 0.417253
vt 0.065553 0.391463
vt 0.056700 0.379540
vt 0.040857 0.368728
vt 0.058414 0.364791
vt 0.040320 0.357747
vt 0.070712 0.350291
vt 0.038458 0.347459
vt 0.074016 0.342603
vt 0.016719 0.373298
vt 0.012307 0.361593
vt 0.011495 0.350823
vt 0.012562 0.311420
vt 0.033500 0.311419
vt 0.035242 0.325951
vt 0.010766 0.327758
vt 0.068837 0.336033
vt 0.037558 0.336697
vt 0.009519 0.340194
vt 0.053215 0.325216
vt 0.047748 0.311417
vt 0.035240 0.296886
vt 0.053212 0.297617
vt 0.037553 0.286141
vt 0.068830 0.286797
vt 0.038451 0.275380
vt 0.074007 0.280226
vt 0.010766 0.295083
vt 0.009518 0.282648
vt 0.011492 0.272020
vt 0.022667 0.234215
vt 0.042912 0.239621
vt 0.040845 0.254114
vt 0.016712 0.249550
vt 0.070700 0.272540
vt 0.040311 0.265093
vt 0.012302 0.261252
vt 0.058399 0.258045
vt 0.056681 0.243300
vt 0.048347 0.226025
vt 0.065527 0.231377
vt 0.053360 0.216238
vt 0.083416 0.224959
vt 0.057011 0.206070
vt 0.090117 0.219948
vt 0.025154 0.217955
vt 0.027165 0.205611
vt 0.031823 0.195849
vt 0.052408 0.162204
vt 0.070572 0.172667
vt 0.064825 0.186137
vt 0.042683 0.175482
vt 0.088909 0.211665
vt 0.061468 0.196609
vt 0.035393 0.185650
vt 0.080772 0.194478
vt 0.082926 0.179784
vt 0.079342 0.160935
vt 0.094558 0.170552
vt 0.086718 0.152775
vt 0.113505 0.168979
vt 0.092876 0.143895
vt 0.121276 0.165871
vt 0.059019 0.147136
vt 0.064156 0.135731
vt 0.071177 0.127505
vt 0.099782 0.100313
vt 0.114626 0.115126
vt 0.105585 0.126655
vt 0.086947 0.110627
vt 0.122252 0.157555
vt 0.099632 0.135906
vt 0.077267 0.118567
vt 0.118836 0.138841
vt 0.124720 0.125201
vt 0.126137 0.106060
vt 0.138350 0.119291
vt 0.135376 0.100085
vt 0.157064 0.122675
vt 0.143625 0.093099
vt 0.165377 0.121684
vt 0.110072 0.087465
vt 0.117988 0.077774
vt 0.126902 0.071644
vt 0.161581 0.052776
vt 0.172088 0.070933
vt 0.160369 0.079731
vt 0.146509 0.059419
vt 0.168473 0.113902
vt 0.152221 0.087128
vt 0.135101 0.064585
vt 0.170017 0.094936
vt 0.179233 0.083281
vt 0.185558 0.065154
vt 0.193932 0.081099
vt 0.196032 0.061773
vt 0.211136 0.089214
vt 0.205811 0.057160
vt 0.219424 0.090408
vt 0.174852 0.043027
vt 0.185011 0.035713
vt 0.195217 0.032099
vt 0.233597 0.022857
vt 0.239047 0.043116
vt 0.225447 0.048582
vt 0.217318 0.025371
vt 0.224430 0.083691
vt 0.215661 0.053618
vt 0.204962 0.027408
vt 0.230832 0.065769
vt 0.242753 0.056895
vt 0.253555 0.041020
vt 0.257517 0.058592
vt 0.264549 0.040466
vt 0.272037 0.070885
vt 0.275189 0.038540
vt 0.279735 0.074184
vt 0.248940 0.016873
vt 0.260647 0.012437
vt 0.271442 0.011588
vt 0.310911 0.012593
vt 0.310932 0.033575
vt 0.296380 0.035336
vt 0.294534 0.010809
vt 0.286309 0.068991
vt 0.285622 0.037668
vt 0.282070 0.009578
vt 0.297133 0.053333
vt 0.310947 0.047845
vt 0.325491 0.035305
vt 0.324771 0.053307
vt 0.336255 0.037614
vt 0.335617 0.068941
vt 0.347034 0.038507
vt 0.342201 0.074121
vt 0.327281 0.010783
vt 0.339737 0.009527
vt 0.350380 0.011496
vt 0.388266 0.022681
vt 0.382855 0.042961
vt 0.368338 0.040895
vt 0.372902 0.016718
vt 0.349896 0.070805
vt 0.357340 0.040364
vt 0.361175 0.012302
vt 0.364407 0.058479
vt 0.379175 0.056753
vt 0.396474 0.048401
vt 0.391118 0.065609
vt 0.406278 0.053419
vt 0.397549 0.083523
vt 0.416462 0.057073
vt 0.402569 0.090233
vt 0.404553 0.025170
vt 0.416914 0.027181
vt 0.426689 0.031840
vt 0.460404 0.052458
vt 0.449922 0.070654
vt 0.436429 0.064898
vt 0.447101 0.042716
vt 0.410863 0.089022
vt 0.425939 0.061537
vt 0.436912 0.035413
vt 0.428076 0.080871
vt 0.442792 0.083028
vt 0.461672 0.079440
vt 0.452038 0.094680
vt 0.469845 0.086830
vt 0.453609 0.113655
vt 0.478738 0.093001
vt 0.456720 0.121438
vt 0.475500 0.059082
vt 0.486927 0.064230
vt 0.495169 0.071273
vt 0.522396 0.099938
vt 0.507542 0.114800
vt 0.496001 0.105738
vt 0.512067 0.087073
vt 0.465047 0.122418
vt 0.486738 0.099771
vt 0.504115 0.077375
vt 0.483789 0.119005
vt 0.497446 0.124904
vt 0.516611 0.126335
vt 0.503355 0.138556
vt 0.522584 0.135592
vt 0.499958 0.157298
vt 0.529357 0.143585
vt 0.500945 0.165622
vt 0.535264 0.110261
vt 0.544965 0.118208
vt 0.551071 0.127154
vt 0.569887 0.161872
vt 0.551722 0.172367
vt 0.542928 0.160633
vt 0.563257 0.146797
vt 0.508731 0.168725
vt 0.535533 0.152470
vt 0.558107 0.135384
vt 0.527704 0.170278
vt 0.539362 0.179508
vt 0.557496 0.185846
vt 0.541538 0.194218
vt 0.560874 0.196328
vt 0.533410 0.211431
vt 0.565488 0.206114
vt 0.532211 0.219726
vt 0.579633 0.175145
vt 0.586947 0.185306
vt 0.590562 0.195510
vt 0.599819 0.233927
vt 0.579538 0.239380
vt 0.574069 0.225767
vt 0.597300 0.217632
vt 0.538931 0.224738
vt 0.569031 0.215972
vt 0.595261 0.205264
vt 0.556866 0.231151
vt 0.565744 0.243086
vt 0.581633 0.253904
vt 0.564040 0.257866
vt 0.582186 0.264912
vt 0.551727 0.272396
vt 0.584111 0.275568
vt 0.548420 0.280101
vt 0.605810 0.249287
vt 0.610252 0.261007
vt 0.611103 0.271812
vt 0.610090 0.311367
vt 0.589061 0.311369
vt 0.587310 0.296791
vt 0.611884 0.294954
vt 0.553614 0.286686
vt 0.584980 0.286016
vt 0.613119 0.282464
vt 0.569284 0.297533
vt 0.574769 0.311370
vt 0.587313 0.325948
vt 0.569286 0.325209
vt 0.584984 0.336725
vt 0.553616 0.336058
vt 0.584117 0.347175
vt 0.548421 0.342644
vt 0.611889 0.327780
vt 0.613128 0.340271
vt 0.611114 0.350925
vt 0.599836 0.388823
vt 0.579547 0.383370
vt 0.581642 0.368842
vt 0.605825 0.373457
vt 0.551729 0.350349
vt 0.582193 0.357832
vt 0.610265 0.361732
vt 0.564044 0.364881
vt 0.565750 0.379664
vt 0.574077 0.396988
vt 0.556868 0.391602
vt 0.569037 0.406787
vt 0.538928 0.398015
vt 0.565492 0.416649
vt 0.532206 0.403027
vt 0.597319 0.405125
vt 0.595281 0.417500
vt 0.590578 0.427260
vt 0.569882 0.460922
vt 0.551708 0.450407
vt 0.557491 0.436924
vt 0.579641 0.447639
vt 0.533403 0.411323
vt 0.560874 0.426438
vt 0.586961 0.437471
vt 0.541529 0.428543
vt 0.539348 0.443256
vt 0.542903 0.462138
vt 0.527682 0.452482
vt 0.535499 0.470294
vt 0.508700 0.454030
vt 0.529524 0.478898
vt 0.500912 0.457130
vt 0.563235 0.476008
vt 0.558065 0.487428
vt 0.551000 0.495634
vt 0.522308 0.522780
vt 0.507480 0.507925
vt 0.516553 0.496403
vt 0.535166 0.512480
vt 0.499920 0.465450
vt 0.522533 0.487154
vt 0.544865 0.504556
vt 0.503309 0.484180
vt 0.497395 0.497822
vt 0.495942 0.516974
vt 0.483744 0.503712
vt 0.486683 0.522933
vt 0.465014 0.500295
vt 0.478687 0.529696
vt 0.456691 0.501272
vt 0.511986 0.535628
vt 0.504039 0.545317
vt 0.495094 0.551413
vt 0.460365 0.570203
vt 0.449890 0.552022
vt 0.461632 0.543243
vt 0.475446 0.563583
vt 0.453580 0.509050
vt 0.469800 0.535859
vt 0.486861 0.558441
vt 0.452006 0.528013
vt 0.442766 0.539656
vt 0.436407 0.557775
vt 0.428059 0.541812
vt 0.425924 0.561134
vt 0.410856 0.533665
vt 0.416453 0.565595
vt 0.402566 0.532455
vt 0.447073 0.579939
vt 0.436893 0.587239
vt 0.426677 0.590812
vt 0.388278 0.599972
vt 0.382867 0.579704
vt 0.396478 0.574265
vt 0.404555 0.597481
vt 0.397549 0.539162
vt 0.406275 0.569248
vt 0.416909 0.595469
vt 0.391123 0.557067
vt 0.379187 0.565920
vt 0.368358 0.581771
vt 0.364426 0.564196
vt 0.357366 0.582303
vt 0.349921 0.551878
vt 0.372924 0.605935
vt 0.361204 0.610351
vt 0.552196 0.311372
vt 0.538676 0.341357
vt 0.519601 0.338840
vt 0.521503 0.311372
vt 0.482722 0.311371
vt 0.481752 0.333848
vt 0.452791 0.330030
vt 0.453609 0.311371
vt 0.538676 0.281388
vt 0.543956 0.373813
vt 0.476864 0.355807
vt 0.448745 0.348264
vt 0.470105 0.377263
vt 0.443123 0.366076
vt 0.523130 0.399260
vt 0.519821 0.431964
vt 0.493124 0.451143
vt 0.477876 0.439424
vt 0.493262 0.416607
vt 0.459697 0.397203
vt 0.447615 0.416174
vt 0.424454 0.398385
vt 0.434494 0.382638
vt 0.481463 0.481865
vt 0.450720 0.493476
vt 0.439029 0.478213
vt 0.459792 0.460162
vt 0.432402 0.432736
vt 0.415824 0.447928
vt 0.398062 0.424754
vt 0.411833 0.412146
vt 0.431510 0.520124
vt 0.398817 0.523381
vt 0.391476 0.505617
vt 0.416199 0.493559
vt 0.396847 0.459985
vt 0.376905 0.470366
vt 0.365750 0.443389
vt 0.382312 0.434776
vt 0.373370 0.544146
vt 0.355457 0.477098
vt 0.347944 0.448991
vt 0.333512 0.481963
vt 0.329719 0.453023
vt 0.340956 0.538832
vt 0.070258 0.311414
vt 0.162530 0.225669
vt 0.187722 0.240196
vt 0.179114 0.256748
vt 0.152155 0.245596
vt 0.311009 0.552301
vt 0.100883 0.311409
vt 0.102778 0.338820
vt 0.083740 0.341324
vt 0.083730 0.281502
vt 0.078454 0.373716
vt 0.099220 0.399131
vt 0.139596 0.311402
vt 0.168672 0.311396
vt 0.169487 0.330034
vt 0.140564 0.333844
vt 0.173525 0.348247
vt 0.145441 0.355772
vt 0.102498 0.431798
vt 0.179136 0.366039
vt 0.152183 0.377202
vt 0.171448 0.493298
vt 0.183147 0.478066
vt 0.205940 0.493426
vt 0.190610 0.519951
vt 0.129032 0.416482
vt 0.144382 0.439284
vt 0.129144 0.450977
vt 0.078433 0.249115
vt 0.108022 0.257027
vt 0.102768 0.283999
vt 0.162568 0.397124
vt 0.187750 0.382587
vt 0.197773 0.398324
vt 0.174625 0.416082
vt 0.189811 0.432639
vt 0.210377 0.412080
vt 0.224131 0.424689
vt 0.206363 0.447831
vt 0.140761 0.481671
vt 0.102440 0.191031
vt 0.128983 0.206330
vt 0.116931 0.231031
vt 0.099183 0.223695
vt 0.162426 0.460013
vt 0.239865 0.434716
vt 0.225316 0.459898
vt 0.173510 0.274543
vt 0.145423 0.267029
vt 0.230629 0.505508
vt 0.223267 0.523251
vt 0.256414 0.443339
vt 0.245236 0.470294
vt 0.248675 0.544046
vt 0.120695 0.336461
vt 0.119483 0.311406
vt 0.120685 0.286351
vt 0.140555 0.288959
vt 0.274209 0.448956
vt 0.266669 0.477047
vt 0.310966 0.070388
vt 0.281080 0.538785
vt 0.292427 0.453005
vt 0.288603 0.481937
vt 0.237556 0.488811
vt 0.215250 0.477316
vt 0.248605 0.078661
vt 0.194155 0.463730
vt 0.281026 0.083917
vt 0.310993 0.101051
vt 0.283553 0.102972
vt 0.194091 0.159033
vt 0.183071 0.144697
vt 0.205866 0.129320
vt 0.215187 0.145432
vt 0.311026 0.139803
vt 0.311047 0.168902
vt 0.292397 0.169727
vt 0.288565 0.140787
vt 0.237497 0.133924
vt 0.230561 0.117222
vt 0.256565 0.108266
vt 0.261399 0.126245
vt 0.190518 0.102787
vt 0.274175 0.173782
vt 0.266624 0.145683
vt 0.126012 0.360978
vt 0.256377 0.179405
vt 0.245187 0.152446
vt 0.133665 0.384871
vt 0.223190 0.099474
vt 0.239826 0.188036
vt 0.225263 0.162853
vt 0.224092 0.198072
vt 0.206309 0.174931
vt 0.171360 0.129464
vt 0.140665 0.141118
vt 0.129066 0.171837
vt 0.175584 0.446860
vt 0.261450 0.496480
vt 0.158667 0.194511
vt 0.174580 0.206704
vt 0.145102 0.215621
vt 0.210340 0.210690
vt 0.189760 0.190136
vt 0.175522 0.175918
vt 0.197740 0.224453
vt 0.340929 0.083859
vt 0.338437 0.102922
vt 0.333489 0.140752
vt 0.329699 0.169702
vt 0.373358 0.078539
vt 0.355442 0.145617
vt 0.347929 0.173734
vt 0.376898 0.152350
vt 0.365740 0.179336
vt 0.398818 0.099312
vt 0.431528 0.102571
vt 0.396846 0.162735
vt 0.382307 0.187951
vt 0.415830 0.174797
vt 0.398061 0.197975
vt 0.450744 0.129237
vt 0.481499 0.140864
vt 0.432410 0.189995
vt 0.411834 0.210588
vt 0.447624 0.206563
vt 0.424457 0.224352
vt 0.493153 0.171605
vt 0.519837 0.190791
vt 0.459704 0.225537
vt 0.434497 0.240101
vt 0.470110 0.245480
vt 0.443126 0.256665
vt 0.523136 0.223490
vt 0.543955 0.248936
vt 0.476866 0.266936
vt 0.481753 0.288895
vt 0.452792 0.292711
vt 0.448747 0.274477
vt 0.144316 0.183518
vt 0.477896 0.183318
vt 0.459814 0.162567
vt 0.519601 0.283905
vt 0.514319 0.256889
vt 0.365458 0.514529
vt 0.116966 0.391785
vt 0.145146 0.407181
vt 0.439046 0.144505
vt 0.416208 0.129149
vt 0.505363 0.391887
vt 0.311031 0.521653
vt 0.338463 0.519778
vt 0.285974 0.501814
vt 0.283602 0.519738
vt 0.256623 0.514452
vt 0.493274 0.206140
vt 0.133633 0.237937
vt 0.505369 0.230860
vt 0.311056 0.482916
vt 0.311072 0.453826
vt 0.169479 0.292758
vt 0.391475 0.117085
vt 0.158722 0.428282
vt 0.285930 0.120903
vt 0.162352 0.162769
vt 0.365445 0.108170
vt 0.108043 0.365791
vt 0.311043 0.503040
vt 0.514316 0.365857
vt 0.502867 0.311372
vt 0.501653 0.286272
vt 0.501652 0.336472
vt 0.477134 0.407283
vt 0.488644 0.384952
vt 0.446632 0.446983
vt 0.463527 0.428398
vt 0.406901 0.477426
vt 0.428026 0.463852
vt 0.384568 0.488901
vt 0.336116 0.501847
vt 0.311009 0.119671
vt 0.125992 0.261832
vt 0.336092 0.120861
vt 0.360639 0.126164
vt 0.384563 0.133808
vt 0.406905 0.145288
vt 0.428037 0.158869
vt 0.446646 0.175747
vt 0.463541 0.194340
vt 0.496322 0.261718
vt 0.488650 0.237793
vt 0.496320 0.361027
vt 0.360653 0.496543
vt 0.477144 0.215461
vt 0.292447 0.311376
vt 0.311095 0.311374
vt 0.274226 0.311378
vt 0.256427 0.311381
vt 0.239874 0.311383
vt 0.224137 0.311386
vt 0.210379 0.311388
vt 0.197774 0.311391
vt 0.187748 0.311392
vt 0.179134 0.311394
vt 0.173523 0.311395
vt 0.329743 0.311373
vt 0.347967 0.311372
vt 0.365771 0.311371
vt 0.382331 0.311370
vt 0.398075 0.311370
vt 0.411871 0.311370
vt 0.424484 0.311370
vt 0.434517 0.311371
vt 0.443138 0.311371
vt 0.448754 0.311371
vt 0.614974 0.311366
vt 0.616978 0.327091
vt 0.616973 0.295641
vt 0.617752 0.281175
vt 0.616307 0.271126
vt 0.615057 0.261039
vt 0.610538 0.247300
vt 0.604529 0.232661
vt 0.602387 0.216978
vt 0.599397 0.202823
vt 0.595405 0.193503
vt 0.591591 0.184095
vt 0.583681 0.172008
vt 0.574105 0.159435
vt 0.567997 0.144858
vt 0.561477 0.131965
vt 0.555230 0.123960
vt 0.549147 0.115844
vt 0.538372 0.106179
vt 0.525847 0.096486
vt 0.516148 0.083963
vt 0.506477 0.073192
vt 0.498348 0.067099
vt 0.490348 0.060855
vt 0.477438 0.054336
vt 0.462839 0.048232
vt 0.450235 0.038657
vt 0.438110 0.030761
vt 0.428694 0.026994
vt 0.419342 0.023039
vt 0.405196 0.020086
vt 0.389524 0.017971
vt 0.374878 0.011987
vt 0.361129 0.007501
vt 0.351063 0.006299
vt 0.341009 0.004900
vt 0.326587 0.005709
vt 0.310907 0.007720
vt 0.295218 0.005731
vt 0.280783 0.004956
vt 0.270739 0.006395
vt 0.260679 0.007637
vt 0.246956 0.012151
vt 0.232332 0.018151
vt 0.216664 0.020290
vt 0.202523 0.023277
vt 0.193194 0.027266
vt 0.183799 0.031068
vt 0.171714 0.038979
vt 0.159142 0.048559
vt 0.144563 0.054679
vt 0.131675 0.061225
vt 0.123712 0.067489
vt 0.115617 0.073605
vt 0.105995 0.084369
vt 0.096335 0.096872
vt 0.083841 0.106554
vt 0.073090 0.116209
vt 0.067021 0.124319
vt 0.060787 0.132318
vt 0.054282 0.145201
vt 0.048190 0.159773
vt 0.038632 0.172353
vt 0.030751 0.184455
vt 0.026979 0.193863
vt 0.023028 0.203186
vt 0.020079 0.217312
vt 0.017966 0.232959
vt 0.011991 0.247577
vt 0.007512 0.261297
vt 0.006302 0.271355
vt 0.004897 0.281376
vt 0.005701 0.295773
vt 0.007700 0.311420
vt 0.005701 0.327068
vt 0.004899 0.341466
vt 0.006305 0.351489
vt 0.007516 0.361548
vt 0.011997 0.375272
vt 0.017975 0.389894
vt 0.020091 0.405547
vt 0.023044 0.419680
vt 0.027000 0.429008
vt 0.030778 0.438422
vt 0.038670 0.450530
vt 0.048244 0.463119
vt 0.054359 0.477703
vt 0.060900 0.490592
vt 0.067158 0.498555
vt 0.073267 0.506648
vt 0.084020 0.516266
vt 0.096506 0.525920
vt 0.106161 0.538403
vt 0.115779 0.549155
vt 0.123863 0.555248
vt 0.131834 0.561506
vt 0.144709 0.568041
vt 0.159276 0.574152
vt 0.171840 0.583723
vt 0.183918 0.591626
vt 0.193308 0.595424
vt 0.202631 0.599409
vt 0.216765 0.602392
vt 0.232424 0.604527
vt 0.247041 0.610522
vt 0.260757 0.615031
vt 0.270813 0.616271
vt 0.280852 0.617707
vt 0.295280 0.616930
vt 0.310961 0.614940
vt 0.326633 0.616947
vt 0.341049 0.617753
vt 0.351098 0.616352
vt 0.361158 0.615149
vt 0.374900 0.610662
vt 0.389536 0.604679
vt 0.405199 0.602561
vt 0.419336 0.599608
vt 0.428682 0.595654
vt 0.438091 0.591887
vt 0.450206 0.583995
vt 0.462799 0.574425
vt 0.477383 0.568325
vt 0.490278 0.561812
vt 0.498284 0.555572
vt 0.506400 0.549497
vt 0.516062 0.538736
vt 0.525752 0.526230
vt 0.538265 0.516560
vt 0.549038 0.506929
vt 0.555159 0.498827
vt 0.561428 0.490856
vt 0.567979 0.477956
vt 0.574104 0.463363
vt 0.583692 0.450779
vt 0.591608 0.438683
vt 0.595425 0.429268
vt 0.599419 0.419942
vt 0.602408 0.405779
vt 0.604548 0.390089
vt 0.610555 0.375442
vt 0.615071 0.361699
vt 0.616319 0.351609
vt 0.617762 0.341559
vn -0.0000 -0.5118 -0.8591
vn -0.0000 -0.5799 -0.8147
vn -0.1044 -0.6002 -0.7930
vn 0.2301 -0.5731 -0.7865
vn 0.0000 -0.6724 -0.7401
vn -0.0000 -0.5890 -0.8081
vn 0.2100 -0.6226 -0.7538
vn 0.2890 -0.6454 -0.7071
vn 0.4598 -0.5920 -0.6620
vn -0.0930 -0.7003 -0.7078
vn -0.2303 -0.5731 -0.7865
vn 0.1044 -0.6002 -0.7930
vn -0.2890 -0.6454 -0.7071
vn -0.2100 -0.6226 -0.7538
vn -0.4599 -0.5919 -0.6620
vn 0.0928 -0.7003 -0.7078
vn -0.2224 -0.5118 -0.8298
vn -0.2109 -0.5799 -0.7870
vn -0.3061 -0.6002 -0.7389
vn 0.0187 -0.5731 -0.8193
vn -0.1916 -0.6724 -0.7149
vn -0.2092 -0.5890 -0.7806
vn 0.0077 -0.6226 -0.7825
vn 0.0961 -0.6454 -0.7578
vn 0.2728 -0.5920 -0.7584
vn -0.2730 -0.7003 -0.6596
vn -0.4257 -0.5731 -0.7002
vn -0.4621 -0.6454 -0.6082
vn -0.3980 -0.6226 -0.6738
vn -0.6153 -0.5920 -0.5206
vn -0.4296 -0.5118 -0.7440
vn -0.4074 -0.5799 -0.7056
vn -0.4869 -0.6002 -0.6345
vn -0.1940 -0.5731 -0.7962
vn -0.3701 -0.6724 -0.6410
vn -0.4041 -0.5890 -0.6998
vn -0.1950 -0.6226 -0.7578
vn -0.1033 -0.6454 -0.7568
vn 0.0672 -0.5920 -0.8032
vn -0.4344 -0.7003 -0.5665
vn -0.5925 -0.5731 -0.5662
vn -0.6038 -0.6454 -0.4679
vn -0.5588 -0.6226 -0.5478
vn -0.7290 -0.5920 -0.3436
vn -0.6075 -0.5118 -0.6075
vn -0.5761 -0.5799 -0.5761
vn -0.6345 -0.6002 -0.4869
vn -0.3934 -0.5731 -0.7189
vn -0.5234 -0.6724 -0.5234
vn -0.5714 -0.5890 -0.5714
vn -0.3845 -0.6226 -0.6815
vn -0.2957 -0.6454 -0.7043
vn -0.1430 -0.5920 -0.7932
vn -0.5662 -0.7003 -0.4347
vn -0.7188 -0.5731 -0.3935
vn -0.7043 -0.6454 -0.2957
vn -0.6815 -0.6226 -0.3845
vn -0.7931 -0.5920 -0.1432
vn -0.7440 -0.5118 -0.4295
vn -0.7056 -0.5799 -0.4073
vn -0.7389 -0.6002 -0.3061
vn -0.5661 -0.5731 -0.5925
vn -0.6410 -0.6724 -0.3701
vn -0.6998 -0.5890 -0.4041
vn -0.5478 -0.6226 -0.5588
vn -0.4679 -0.6454 -0.6038
vn -0.3434 -0.5920 -0.7291
vn -0.6595 -0.7003 -0.2734
vn -0.7962 -0.5731 -0.1941
vn -0.7568 -0.6454 -0.1033
vn -0.7578 -0.6226 -0.1950
vn -0.8032 -0.5920 0.0669
vn -0.8298 -0.5118 -0.2223
vn -0.7870 -0.5799 -0.2108
vn -0.7930 -0.6002 -0.1044
vn -0.7001 -0.5731 -0.4258
vn -0.7149 -0.6724 -0.1916
vn -0.7806 -0.5890 -0.2092
vn -0.6738 -0.6226 -0.3980
vn -0.6082 -0.6454 -0.4621
vn -0.5204 -0.5920 -0.6154
vn -0.7077 -0.7003 -0.0934
vn -0.8193 -0.5731 0.0186
vn -0.7578 -0.6454 0.0961
vn -0.7825 -0.6226 0.0077
vn -0.7585 -0.5920 0.2725
vn -0.0000 -0.5118 0.8591
vn -0.0000 -0.5799 0.8147
vn 0.1044 -0.6002 0.7930
vn -0.2303 -0.5731 0.7865
vn 0.2890 -0.6454 0.7071
vn 0.4598 -0.5920 0.6620
vn 0.2301 -0.5731 0.7865
vn 0.2100 -0.6226 0.7538
vn -0.1044 -0.6002 0.7930
vn -0.0669 -0.5920 0.8032
vn 0.1941 -0.5731 0.7962
vn 0.4869 -0.6002 0.6346
vn 0.4347 -0.7003 0.5663
vn -0.0000 -0.6724 0.7401
vn 0.0000 -0.5890 0.8081
vn -0.8591 -0.5118 -0.0000
vn -0.7865 -0.5731 0.2300
vn -0.8147 -0.5799 -0.0000
vn -0.7401 -0.6724 0.0000
vn -0.7071 -0.6454 0.2890
vn -0.7538 -0.6226 0.2100
vn -0.8081 -0.5890 0.0000
vn -0.6621 -0.5920 0.4595
vn -0.2224 -0.5118 0.8298
vn -0.2109 -0.5799 0.7870
vn -0.4257 -0.5731 0.7002
vn -0.1916 -0.6724 0.7149
vn 0.0961 -0.6454 0.7578
vn 0.0077 -0.6226 0.7825
vn -0.2092 -0.5890 0.7806
vn -0.0930 -0.7003 0.7078
vn -0.3980 -0.6226 0.6738
vn 0.1033 -0.6454 0.7568
vn 0.1950 -0.6226 0.7578
vn -0.2890 -0.6454 0.7071
vn -0.2100 -0.6226 0.7538
vn -0.4599 -0.5919 0.6620
vn 0.0928 -0.7003 0.7078
vn 0.2728 -0.5920 0.7584
vn 0.0187 -0.5731 0.8193
vn -0.3701 -0.6724 0.6410
vn -0.1033 -0.6454 0.7568
vn -0.1950 -0.6226 0.7578
vn -0.4041 -0.5890 0.6998
vn -0.3061 -0.6002 0.7389
vn -0.4621 -0.6454 0.6082
vn -0.2730 -0.7003 0.6596
vn -0.5234 -0.6724 0.5234
vn -0.2957 -0.6454 0.7043
vn -0.3845 -0.6226 0.6815
vn -0.5714 -0.5890 0.5714
vn -0.6153 -0.5920 0.5206
vn -0.4296 -0.5118 0.7440
vn -0.1940 -0.5731 0.7962
vn -0.4869 -0.6002 0.6345
vn -0.4074 -0.5799 0.7056
vn -0.1430 -0.5920 0.7932
vn -0.5662 -0.7003 0.4347
vn -0.6345 -0.6002 0.4869
vn -0.3934 -0.5731 0.7189
vn 0.0672 -0.5920 0.8032
vn -0.4344 -0.7003 0.5665
vn -0.6075 -0.5118 0.6075
vn -0.5761 -0.5799 0.5761
vn -0.7188 -0.5731 0.3935
vn -0.5925 -0.5731 0.5662
vn -0.6038 -0.6454 0.4679
vn -0.5588 -0.6226 0.5478
vn -0.7290 -0.5920 0.3436
vn -0.6815 -0.6226 0.3845
vn -0.7043 -0.6454 0.2957
vn -0.6410 -0.6724 0.3701
vn -0.4679 -0.6454 0.6038
vn -0.5478 -0.6226 0.5588
vn -0.6998 -0.5890 0.4041
vn -0.3434 -0.5920 0.7291
vn -0.6595 -0.7003 0.2734
vn -0.7389 -0.6002 0.3061
vn -0.5661 -0.5731 0.5925
vn -0.7931 -0.5920 0.1432
vn -0.7149 -0.6724 0.1916
vn -0.6082 -0.6454 0.4621
vn -0.6738 -0.6226 0.3980
vn -0.7806 -0.5890 0.2092
vn -0.7440 -0.5118 0.4295
vn -0.7056 -0.5799 0.4073
vn -0.7962 -0.5731 0.1941
vn -0.8298 -0.5118 0.2223
vn -0.7870 -0.5799 0.2108
vn -0.8193 -0.5731 -0.0186
vn -0.8032 -0.5920 -0.0669
vn -0.7578 -0.6226 0.1950
vn -0.7568 -0.6454 0.1033
vn -0.7578 -0.6454 -0.0961
vn -0.7825 -0.6226 -0.0077
vn -0.7585 -0.5920 -0.2725
vn 0.8591 -0.5118 -0.0000
vn 0.7866 -0.5732 -0.2298
vn 0.7930 -0.6002 0.1044
vn 0.8147 -0.5799 -0.0000
vn -0.7001 -0.5731 0.4258
vn -0.7930 -0.6002 0.1044
vn 0.7401 -0.6724 -0.0000
vn 0.7071 -0.6454 -0.2890
vn 0.7538 -0.6226 -0.2100
vn 0.8081 -0.5890 -0.0000
vn -0.5204 -0.5920 0.6154
vn -0.7077 -0.7003 0.0934
vn -0.7538 -0.6226 -0.2100
vn -0.7071 -0.6454 -0.2890
vn 0.7578 -0.6454 -0.0961
vn 0.7585 -0.5921 -0.2724
vn 0.8192 -0.5731 -0.0184
vn 0.7825 -0.6226 -0.0077
vn -0.7865 -0.5731 -0.2300
vn -0.6621 -0.5920 -0.4595
vn 0.6594 -0.7003 0.2736
vn 0.7389 -0.6002 0.3061
vn 0.6621 -0.5921 -0.4594
vn 0.7077 -0.7003 0.0936
vn 0.7440 -0.5118 0.4296
vn 0.7962 -0.5731 0.1940
vn 0.6345 -0.6002 0.4869
vn 0.7056 -0.5799 0.4074
vn 0.8032 -0.5920 -0.0672
vn 0.5665 -0.7003 0.4345
vn 0.6410 -0.6724 0.3701
vn 0.7568 -0.6454 0.1033
vn 0.7578 -0.6226 0.1950
vn 0.6998 -0.5890 0.4041
vn 0.8298 -0.5118 0.2224
vn 0.7870 -0.5799 0.2109
vn 0.7806 -0.5890 0.2092
vn 0.7149 -0.6724 0.1916
vn 0.6738 -0.6226 0.3980
vn 0.6082 -0.6454 0.4621
vn 0.7001 -0.5731 0.4260
vn 0.6075 -0.5118 0.6075
vn 0.7189 -0.5731 0.3934
vn 0.5761 -0.5798 0.5761
vn 0.5204 -0.5919 0.6156
vn 0.5714 -0.5890 0.5714
vn 0.6815 -0.6226 0.3845
vn 0.5234 -0.6724 0.5234
vn 0.7043 -0.6454 0.2957
vn 0.7932 -0.5920 0.1430
vn 0.5478 -0.6226 0.5588
vn 0.4679 -0.6454 0.6038
vn 0.5660 -0.5731 0.5927
vn 0.4295 -0.5118 0.7440
vn 0.5923 -0.5731 0.5663
vn 0.3060 -0.6002 0.7390
vn 0.4073 -0.5798 0.7056
vn 0.3433 -0.5919 0.7293
vn 0.4041 -0.5890 0.6998
vn 0.5588 -0.6226 0.5478
vn 0.3701 -0.6724 0.6410
vn 0.6038 -0.6454 0.4679
vn 0.3845 -0.6226 0.6815
vn 0.2957 -0.6454 0.7043
vn 0.3935 -0.5731 0.7188
vn 0.2223 -0.5118 0.8298
vn 0.2108 -0.5798 0.7870
vn -0.0189 -0.5731 0.8193
vn 0.1432 -0.5920 0.7931
vn 0.1916 -0.6724 0.7149
vn 0.4621 -0.6454 0.6082
vn 0.3980 -0.6226 0.6738
vn 0.2092 -0.5890 0.7806
vn 0.4256 -0.5731 0.7003
vn -0.0961 -0.6454 0.7578
vn -0.0077 -0.6226 0.7825
vn -0.2729 -0.5919 0.7584
vn 0.7289 -0.5921 0.3437
vn 0.2728 -0.7003 0.6597
vn 0.6151 -0.5921 0.5207
vn 0.7930 -0.6002 -0.1044
vn 0.7866 -0.5732 0.2298
vn 0.7538 -0.6226 0.2100
vn 0.7071 -0.6454 0.2890
vn 0.6621 -0.5921 0.4594
vn 0.7077 -0.7003 -0.0936
vn 0.8298 -0.5118 -0.2224
vn 0.7870 -0.5799 -0.2109
vn 0.7389 -0.6002 -0.3061
vn 0.8192 -0.5731 0.0184
vn 0.7149 -0.6724 -0.1916
vn 0.7806 -0.5890 -0.2092
vn 0.7825 -0.6226 0.0077
vn 0.7578 -0.6454 0.0961
vn 0.7585 -0.5921 0.2724
vn 0.6594 -0.7003 -0.2736
vn 0.7001 -0.5731 -0.4260
vn 0.6082 -0.6454 -0.4621
vn 0.6738 -0.6226 -0.3980
vn 0.5204 -0.5919 -0.6156
vn 0.7440 -0.5118 -0.4296
vn 0.7056 -0.5799 -0.4074
vn 0.6345 -0.6002 -0.4869
vn 0.7962 -0.5731 -0.1940
vn 0.6410 -0.6724 -0.3701
vn 0.6998 -0.5890 -0.4041
vn 0.7578 -0.6226 -0.1950
vn 0.7568 -0.6454 -0.1033
vn 0.8032 -0.5920 0.0672
vn 0.5665 -0.7003 -0.4345
vn 0.5660 -0.5731 -0.5927
vn 0.4679 -0.6454 -0.6038
vn 0.5478 -0.6226 -0.5588
vn 0.3433 -0.5919 -0.7293
vn 0.6075 -0.5118 -0.6075
vn 0.5761 -0.5798 -0.5761
vn 0.4869 -0.6002 -0.6346
vn 0.7189 -0.5731 -0.3934
vn 0.5234 -0.6724 -0.5234
vn 0.5714 -0.5890 -0.5714
vn 0.6815 -0.6226 -0.3845
vn 0.7043 -0.6454 -0.2957
vn 0.7932 -0.5920 -0.1430
vn 0.4347 -0.7003 -0.5663
vn 0.3935 -0.5731 -0.7188
vn 0.2957 -0.6454 -0.7043
vn 0.3845 -0.6226 -0.6815
vn 0.1432 -0.5920 -0.7931
vn 0.4295 -0.5118 -0.7440
vn 0.4073 -0.5798 -0.7056
vn 0.3060 -0.6002 -0.7390
vn 0.5923 -0.5731 -0.5663
vn 0.3701 -0.6724 -0.6410
vn 0.4041 -0.5890 -0.6998
vn 0.5588 -0.6226 -0.5478
vn 0.6038 -0.6454 -0.4679
vn 0.7289 -0.5921 -0.3437
vn 0.2728 -0.7003 -0.6597
vn 0.1941 -0.5731 -0.7962
vn 0.1033 -0.6454 -0.7568
vn 0.1950 -0.6226 -0.7578
vn -0.0669 -0.5920 -0.8032
vn 0.2223 -0.5118 -0.8298
vn 0.2108 -0.5798 -0.7870
vn 0.4256 -0.5731 -0.7003
vn 0.1916 -0.6724 -0.7149
vn 0.2092 -0.5890 -0.7806
vn 0.3980 -0.6226 -0.6738
vn 0.4621 -0.6454 -0.6082
vn 0.6151 -0.5921 -0.5207
vn -0.0189 -0.5731 -0.8193
vn -0.0961 -0.6454 -0.7578
vn -0.0077 -0.6226 -0.7825
vn -0.2729 -0.5919 -0.7584
vn 0.1903 -0.6778 -0.7102
vn 0.0959 -0.6778 -0.7289
vn 0.2813 -0.6778 0.6793
vn 0.3676 -0.6778 0.6367
vn 0.1903 -0.6778 0.7102
vn -0.1903 -0.6778 0.7102
vn -0.0960 -0.6778 0.7289
vn 0.7289 -0.6778 0.0960
vn 0.7352 -0.6778 0.0000
vn -0.6367 -0.6778 -0.3676
vn -0.6793 -0.6778 -0.2813
vn -0.7289 -0.6778 -0.0959
vn -0.7352 -0.6778 -0.0000
vn -0.3676 -0.6778 -0.6367
vn -0.4476 -0.6778 -0.5833
vn 0.0959 -0.6778 0.7289
vn 0.5199 -0.6778 -0.5199
vn 0.4475 -0.6778 -0.5833
vn -0.5199 -0.6778 -0.5199
vn -0.0000 -0.6778 -0.7352
vn -0.0960 -0.6778 -0.7289
vn -0.2814 -0.6778 0.6792
vn 0.3676 -0.6778 -0.6367
vn 0.2813 -0.6778 -0.6793
vn 0.5833 -0.6778 -0.4476
vn 0.7289 -0.6778 -0.0960
vn 0.7102 -0.6778 -0.1903
vn 0.6792 -0.6778 -0.2814
vn 0.7102 -0.6778 0.1903
vn 0.4475 -0.6778 0.5833
vn 0.5199 -0.6778 0.5199
vn -0.7289 -0.6778 0.0959
vn -0.6793 -0.6778 0.2813
vn -0.6367 -0.6778 0.3676
vn -0.0000 -0.6778 0.7352
vn -0.5833 -0.6778 -0.4475
vn -0.1903 -0.6778 -0.7102
vn 0.6367 -0.6778 0.3676
vn 0.6792 -0.6778 0.2814
vn -0.7102 -0.6778 -0.1903
vn -0.7102 -0.6778 0.1903
vn -0.2814 -0.6778 -0.6792
vn -0.5833 -0.6778 0.4475
vn -0.5199 -0.6778 0.5199
vn -0.4476 -0.6778 0.5833
vn 0.6367 -0.6778 -0.3676
vn 0.5833 -0.6778 0.4476
vn -0.3676 -0.6778 0.6367
vn 0.0931 -0.7003 -0.7077
vn -0.0000 -0.7003 -0.7138
vn -0.6182 -0.7003 0.3569
vn -0.5663 -0.7003 0.4345
vn -0.5048 -0.7003 0.5047
vn -0.0932 -0.7003 -0.7077
vn -0.1848 -0.7003 -0.6895
vn -0.6895 -0.7003 0.1847
vn -0.6595 -0.7003 0.2731
vn 0.7077 -0.7003 0.0932
vn 0.7138 -0.7003 0.0000
vn -0.2732 -0.7003 -0.6595
vn -0.3569 -0.7003 -0.6182
vn -0.7077 -0.7003 0.0932
vn 0.4345 -0.7003 0.5663
vn 0.5047 -0.7003 0.5048
vn -0.4346 -0.7003 -0.5663
vn -0.5048 -0.7003 -0.5047
vn -0.7138 -0.7003 -0.0000
vn 0.1847 -0.7003 0.6895
vn 0.2731 -0.7003 0.6595
vn -0.5663 -0.7003 -0.4345
vn -0.6182 -0.7003 -0.3569
vn 0.6182 -0.7003 0.3569
vn 0.6595 -0.7003 0.2732
vn 0.3569 -0.7003 0.6182
vn -0.6595 -0.7003 -0.2731
vn -0.6895 -0.7003 -0.1847
vn 0.5663 -0.7003 0.4346
vn 0.6895 -0.7003 -0.1848
vn 0.6595 -0.7003 -0.2732
vn 0.7077 -0.7003 -0.0932
vn -0.7077 -0.7003 -0.0932
vn 0.0931 -0.7003 0.7077
vn 0.6182 -0.7003 -0.3569
vn 0.5663 -0.7003 -0.4346
vn -0.0000 -0.7003 0.7138
vn 0.5047 -0.7003 -0.5048
vn 0.4345 -0.7003 -0.5663
vn -0.1848 -0.7003 0.6895
vn -0.0932 -0.7003 0.7077
vn -0.4346 -0.7003 0.5663
vn 0.3569 -0.7003 -0.6182
vn 0.2731 -0.7003 -0.6595
vn -0.3569 -0.7003 0.6182
vn -0.2732 -0.7003 0.6595
vn 0.1847 -0.7003 -0.6895
vn 0.6895 -0.7003 0.1848
vn 0.0000 -1.0000 0.0000
vn 0.7593 0.6507 -0.0000
vn 0.9080 0.4189 -0.0000
vn 0.8752 0.3984 -0.2744
vn 0.7102 0.6014 -0.3659
vn 0.9298 0.2418 -0.2776
vn 0.9524 0.2767 0.1276
vn 0.8622 0.4924 0.1191
vn 0.8279 0.4009 -0.3923
vn 0.6952 0.5848 -0.4180
vn 0.7362 0.6695 0.0986
vn 0.9475 0.1674 -0.2725
vn 0.9931 0.1175 -0.0000
vn 0.8752 0.3984 0.2744
vn 0.9475 0.1674 0.2725
vn 0.8269 0.3999 0.3954
vn 0.9277 0.2428 0.2836
vn 0.8637 0.4923 -0.1082
vn 0.9530 0.2767 -0.1233
vn 0.7102 0.6014 0.3659
vn 0.6950 0.5824 0.4215
vn 0.7367 0.6695 -0.0953
vn 0.7334 0.6507 -0.1965
vn 0.8771 0.4189 -0.2350
vn 0.7744 0.3984 -0.4916
vn 0.5913 0.6014 -0.5373
vn 0.8262 0.2418 -0.5088
vn 0.6982 0.4009 -0.5932
vn 0.5634 0.5848 -0.5837
vn 0.8447 0.1674 -0.5084
vn 0.9592 0.1175 -0.2570
vn 0.9164 0.3984 0.0385
vn 0.9857 0.1674 0.0180
vn 0.9010 0.3999 0.1680
vn 0.9695 0.2428 0.0338
vn 0.8062 0.4923 -0.3280
vn 0.8886 0.2767 -0.3657
vn 0.7807 0.6014 0.1697
vn 0.7805 0.5824 0.2273
vn 0.6869 0.6695 -0.2827
vn 0.6576 0.6507 -0.3797
vn 0.7864 0.4189 -0.4540
vn 0.6207 0.3984 -0.6753
vn 0.4321 0.6014 -0.6720
vn 0.6664 0.2418 -0.7053
vn 0.5208 0.4009 -0.7537
vn 0.3931 0.5848 -0.7096
vn 0.6843 0.1674 -0.7097
vn 0.8600 0.1175 -0.4965
vn 0.8952 0.3984 -0.2000
vn 0.9568 0.1674 -0.2378
vn 0.9138 0.3999 -0.0710
vn 0.9452 0.2428 -0.2183
vn 0.6939 0.4923 -0.5255
vn 0.7637 0.2767 -0.5832
vn 0.7980 0.6014 -0.0382
vn 0.8127 0.5824 0.0175
vn 0.5903 0.6695 -0.4509
vn 0.5369 0.6507 -0.5369
vn 0.6421 0.4189 -0.6421
vn 0.4248 0.3984 -0.8129
vn 0.2434 0.6014 -0.7610
vn 0.4611 0.2418 -0.8537
vn 0.3080 0.4009 -0.8628
vn 0.1961 0.5848 -0.7872
vn 0.4773 0.1674 -0.8627
vn 0.7022 0.1175 -0.7022
vn 0.8129 0.3984 -0.4248
vn 0.8627 0.1674 -0.4773
vn 0.8628 0.4009 -0.3080
vn 0.8537 0.2418 -0.4611
vn 0.5255 0.4923 -0.6939
vn 0.5832 0.2767 -0.7637
vn 0.7610 0.6014 -0.2434
vn 0.7872 0.5848 -0.1961
vn 0.4509 0.6695 -0.5903
vn 0.3797 0.6507 -0.6576
vn 0.4540 0.4189 -0.7864
vn 0.2000 0.3984 -0.8952
vn 0.0382 0.6014 -0.7981
vn 0.2183 0.2428 -0.9452
vn 0.0710 0.3999 -0.9138
vn -0.0175 0.5824 -0.8127
vn 0.2378 0.1674 -0.9568
vn 0.4965 0.1175 -0.8600
vn 0.6753 0.3984 -0.6207
vn 0.7097 0.1674 -0.6843
vn 0.7559 0.3999 -0.5184
vn 0.7094 0.2428 -0.6616
vn 0.3381 0.4923 -0.8020
vn 0.3698 0.2767 -0.8870
vn 0.6720 0.6014 -0.4321
vn 0.7126 0.5824 -0.3912
vn 0.2858 0.6695 -0.6856
vn 0.1965 0.6507 -0.7334
vn 0.2350 0.4189 -0.8771
vn -0.0385 0.3984 -0.9164
vn -0.1697 0.6014 -0.7807
vn -0.0275 0.2418 -0.9699
vn -0.1646 0.4009 -0.9012
vn -0.2238 0.5848 -0.7797
vn -0.0180 0.1674 -0.9857
vn 0.2570 0.1175 -0.9592
vn 0.4916 0.3984 -0.7744
vn 0.5084 0.1674 -0.8447
vn 0.5960 0.3999 -0.6963
vn 0.5140 0.2428 -0.8227
vn 0.1190 0.4923 -0.8622
vn 0.1276 0.2767 -0.9524
vn 0.5373 0.6014 -0.5913
vn 0.5870 0.5824 -0.5623
vn 0.0986 0.6695 -0.7362
vn 0.0000 0.6507 -0.7593
vn 0.0000 0.4189 -0.9080
vn -0.2744 0.3984 -0.8752
vn -0.3659 0.6014 -0.7102
vn -0.2776 0.2418 -0.9298
vn -0.3923 0.4009 -0.8279
vn -0.4180 0.5848 -0.6952
vn -0.2725 0.1674 -0.9475
vn 0.0000 0.1175 -0.9931
vn 0.2744 0.3984 -0.8752
vn 0.2725 0.1674 -0.9475
vn 0.3923 0.4009 -0.8279
vn 0.2776 0.2418 -0.9298
vn -0.1190 0.4923 -0.8622
vn -0.1276 0.2767 -0.9524
vn 0.3659 0.6014 -0.7102
vn 0.4180 0.5848 -0.6952
vn -0.0986 0.6695 -0.7362
vn -0.1965 0.6507 -0.7334
vn -0.2350 0.4189 -0.8771
vn -0.4916 0.3984 -0.7744
vn -0.5373 0.6014 -0.5913
vn -0.5140 0.2428 -0.8227
vn -0.5960 0.3999 -0.6963
vn -0.5870 0.5824 -0.5623
vn -0.5084 0.1674 -0.8447
vn -0.2570 0.1175 -0.9592
vn 0.0385 0.3984 -0.9164
vn 0.0180 0.1674 -0.9857
vn 0.1646 0.4009 -0.9012
vn 0.0275 0.2418 -0.9699
vn -0.3382 0.4923 -0.8020
vn -0.3698 0.2767 -0.8870
vn 0.1697 0.6014 -0.7807
vn 0.2238 0.5848 -0.7797
vn -0.2858 0.6695 -0.6856
vn -0.3797 0.6507 -0.6576
vn -0.4540 0.4189 -0.7864
vn -0.6753 0.3984 -0.6207
vn -0.6720 0.6014 -0.4321
vn -0.7094 0.2428 -0.6616
vn -0.7559 0.3999 -0.5184
vn -0.7126 0.5824 -0.3912
vn -0.7097 0.1674 -0.6843
vn -0.4965 0.1175 -0.8600
vn -0.2000 0.3984 -0.8952
vn -0.2378 0.1674 -0.9568
vn -0.0742 0.4009 -0.9131
vn -0.2244 0.2418 -0.9440
vn -0.5342 0.4923 -0.6872
vn -0.5867 0.2767 -0.7610
vn -0.0382 0.6014 -0.7981
vn 0.0144 0.5848 -0.8111
vn -0.4535 0.6695 -0.5883
vn -0.5369 0.6507 -0.5369
vn -0.6421 0.4189 -0.6421
vn -0.8129 0.3984 -0.4248
vn -0.7610 0.6014 -0.2434
vn -0.8565 0.2428 -0.4555
vn -0.8643 0.3999 -0.3051
vn -0.7895 0.5824 -0.1934
vn -0.8627 0.1674 -0.4773
vn -0.7022 0.1175 -0.7022
vn -0.4248 0.3984 -0.8129
vn -0.4773 0.1674 -0.8627
vn -0.3080 0.4009 -0.8628
vn -0.4611 0.2418 -0.8537
vn -0.6939 0.4923 -0.5255
vn -0.7637 0.2767 -0.5832
vn -0.2434 0.6014 -0.7610
vn -0.1961 0.5848 -0.7872
vn -0.5903 0.6695 -0.4509
vn -0.6576 0.6507 -0.3797
vn -0.7864 0.4189 -0.4540
vn -0.8952 0.3984 -0.2000
vn -0.7981 0.6014 -0.0382
vn -0.9452 0.2428 -0.2183
vn -0.9138 0.3999 -0.0710
vn -0.8127 0.5824 0.0175
vn -0.9568 0.1674 -0.2378
vn -0.8600 0.1175 -0.4965
vn -0.6207 0.3984 -0.6753
vn -0.6843 0.1674 -0.7097
vn -0.5208 0.4009 -0.7537
vn -0.6664 0.2418 -0.7053
vn -0.8062 0.4923 -0.3280
vn -0.8886 0.2767 -0.3657
vn -0.4321 0.6014 -0.6720
vn -0.3931 0.5848 -0.7096
vn -0.6869 0.6695 -0.2827
vn -0.7334 0.6507 -0.1965
vn -0.8771 0.4189 -0.2350
vn -0.9164 0.3984 0.0385
vn -0.7807 0.6014 0.1697
vn -0.9695 0.2428 0.0338
vn -0.9010 0.3999 0.1680
vn -0.7805 0.5824 0.2273
vn -0.9857 0.1674 0.0180
vn -0.9592 0.1175 -0.2570
vn -0.7744 0.3984 -0.4916
vn -0.8447 0.1674 -0.5084
vn -0.6982 0.4009 -0.5932
vn -0.8262 0.2418 -0.5088
vn -0.8637 0.4923 -0.1082
vn -0.9530 0.2767 -0.1233
vn -0.5913 0.6014 -0.5373
vn -0.5634 0.5848 -0.5837
vn -0.7367 0.6695 -0.0953
vn -0.7593 0.6507 -0.0000
vn -0.9080 0.4189 0.0000
vn -0.8752 0.3984 0.2744
vn -0.7102 0.6014 0.3659
vn -0.9277 0.2428 0.2836
vn -0.8269 0.3999 0.3954
vn -0.6950 0.5824 0.4215
vn -0.9475 0.1674 0.2725
vn -0.9931 0.1175 0.0000
vn -0.8752 0.3984 -0.2744
vn -0.9475 0.1674 -0.2725
vn -0.8279 0.4009 -0.3923
vn -0.9298 0.2418 -0.2776
vn -0.8622 0.4923 0.1190
vn -0.9524 0.2767 0.1276
vn -0.7102 0.6014 -0.3659
vn -0.6952 0.5848 -0.4180
vn -0.7362 0.6695 0.0986
vn -0.7334 0.6507 0.1965
vn -0.8771 0.4189 0.2350
vn -0.7744 0.3984 0.4916
vn -0.5913 0.6014 0.5373
vn -0.8227 0.2428 0.5140
vn -0.6963 0.3999 0.5960
vn -0.5623 0.5824 0.5870
vn -0.8447 0.1674 0.5084
vn -0.9592 0.1175 0.2570
vn -0.9164 0.3984 -0.0385
vn -0.9857 0.1674 -0.0180
vn -0.9012 0.4009 -0.1646
vn -0.9699 0.2418 -0.0275
vn -0.8020 0.4923 0.3382
vn -0.8870 0.2767 0.3698
vn -0.7807 0.6014 -0.1697
vn -0.7797 0.5848 -0.2238
vn -0.6856 0.6695 0.2858
vn -0.6576 0.6507 0.3797
vn -0.7864 0.4189 0.4540
vn -0.6207 0.3984 0.6753
vn -0.4321 0.6014 0.6720
vn -0.6616 0.2428 0.7094
vn -0.5184 0.3999 0.7559
vn -0.3912 0.5824 0.7126
vn -0.6843 0.1674 0.7097
vn -0.8600 0.1175 0.4965
vn -0.8952 0.3984 0.2000
vn -0.9568 0.1674 0.2378
vn -0.9131 0.4009 0.0742
vn -0.9440 0.2418 0.2244
vn -0.6872 0.4923 0.5342
vn -0.7610 0.2767 0.5867
vn -0.7981 0.6014 0.0382
vn -0.8111 0.5848 -0.0144
vn -0.5883 0.6695 0.4535
vn -0.5369 0.6507 0.5369
vn -0.6421 0.4189 0.6421
vn -0.4248 0.3984 0.8129
vn -0.2434 0.6014 0.7610
vn -0.4555 0.2428 0.8565
vn -0.3051 0.3999 0.8643
vn -0.1934 0.5824 0.7895
vn -0.4773 0.1674 0.8627
vn -0.7022 0.1175 0.7022
vn -0.8129 0.3984 0.4248
vn -0.8627 0.1674 0.4773
vn -0.8643 0.3999 0.3051
vn -0.8565 0.2428 0.4555
vn -0.5342 0.4923 0.6872
vn -0.5867 0.2767 0.7610
vn -0.7610 0.6014 0.2434
vn -0.7895 0.5824 0.1934
vn -0.4535 0.6695 0.5883
vn -0.3797 0.6507 0.6576
vn -0.4540 0.4189 0.7864
vn -0.2000 0.3984 0.8952
vn -0.0382 0.6014 0.7981
vn -0.2244 0.2418 0.9440
vn -0.0742 0.4009 0.9131
vn 0.0144 0.5848 0.8111
vn -0.2378 0.1674 0.9568
vn -0.4965 0.1175 0.8600
vn -0.6753 0.3984 0.6207
vn -0.7097 0.1674 0.6843
vn -0.7537 0.4009 0.5208
vn -0.7053 0.2418 0.6664
vn -0.3280 0.4923 0.8062
vn -0.3657 0.2767 0.8886
vn -0.6720 0.6014 0.4321
vn -0.7096 0.5848 0.3931
vn -0.2827 0.6695 0.6869
vn -0.1965 0.6507 0.7334
vn -0.2350 0.4189 0.8771
vn 0.0385 0.3984 0.9164
vn 0.1697 0.6014 0.7807
vn 0.0338 0.2428 0.9695
vn 0.1680 0.3999 0.9010
vn 0.2273 0.5824 0.7805
vn 0.0180 0.1674 0.9857
vn -0.2570 0.1175 0.9592
vn -0.4916 0.3984 0.7744
vn -0.5084 0.1674 0.8447
vn -0.5932 0.4009 0.6982
vn -0.5088 0.2418 0.8262
vn -0.1082 0.4923 0.8637
vn -0.1233 0.2767 0.9530
vn -0.5373 0.6014 0.5913
vn -0.5837 0.5848 0.5634
vn -0.0953 0.6695 0.7367
vn 0.0000 0.6507 0.7593
vn 0.0000 0.4189 0.9080
vn 0.2744 0.3984 0.8752
vn 0.3659 0.6014 0.7102
vn 0.2836 0.2428 0.9277
vn 0.3954 0.3999 0.8269
vn 0.4215 0.5824 0.6950
vn 0.2725 0.1674 0.9475
vn 0.0000 0.1175 0.9931
vn -0.2744 0.3984 0.8752
vn -0.2725 0.1674 0.9475
vn -0.3954 0.3999 0.8269
vn -0.2836 0.2428 0.9277
vn 0.1082 0.4923 0.8637
vn 0.1232 0.2767 0.9530
vn -0.3659 0.6014 0.7102
vn -0.4215 0.5824 0.6950
vn 0.0953 0.6695 0.7367
vn 0.1965 0.6507 0.7334
vn 0.2350 0.4189 0.8771
vn 0.4916 0.3984 0.7744
vn 0.5373 0.6014 0.5913
vn 0.5088 0.2418 0.8262
vn 0.5932 0.4009 0.6982
vn 0.5837 0.5848 0.5634
vn 0.5084 0.1674 0.8447
vn 0.2570 0.1175 0.9592
vn -0.0385 0.3984 0.9164
vn -0.0180 0.1674 0.9857
vn -0.1680 0.3999 0.9010
vn -0.0338 0.2428 0.9695
vn 0.3280 0.4923 0.8062
vn 0.3657 0.2767 0.8886
vn -0.1697 0.6014 0.7807
vn -0.2273 0.5824 0.7805
vn 0.2827 0.6695 0.6869
vn 0.3797 0.6507 0.6576
vn 0.4540 0.4189 0.7864
vn 0.6753 0.3984 0.6207
vn 0.6720 0.6014 0.4321
vn 0.7053 0.2418 0.6664
vn 0.7537 0.4009 0.5208
vn 0.7096 0.5848 0.3931
vn 0.7097 0.1674 0.6843
vn 0.4965 0.1175 0.8600
vn 0.2000 0.3984 0.8952
vn 0.2378 0.1674 0.9568
vn 0.0710 0.3999 0.9138
vn 0.2183 0.2428 0.9452
vn 0.5255 0.4923 0.6939
vn 0.5832 0.2767 0.7637
vn 0.0382 0.6014 0.7981
vn -0.0175 0.5824 0.8127
vn 0.4509 0.6695 0.5903
vn 0.5369 0.6507 0.5369
vn 0.6421 0.4189 0.6421
vn 0.8129 0.3984 0.4248
vn 0.7610 0.6014 0.2434
vn 0.8538 0.2418 0.4611
vn 0.8628 0.4009 0.3080
vn 0.7872 0.5848 0.1961
vn 0.8627 0.1674 0.4773
vn 0.7022 0.1175 0.7022
vn 0.4248 0.3984 0.8129
vn 0.4773 0.1674 0.8627
vn 0.3050 0.3999 0.8643
vn 0.4555 0.2428 0.8565
vn 0.6872 0.4923 0.5342
vn 0.7610 0.2767 0.5867
vn 0.2434 0.6014 0.7610
vn 0.1934 0.5824 0.7895
vn 0.5883 0.6695 0.4535
vn 0.6576 0.6507 0.3797
vn 0.7864 0.4189 0.4540
vn 0.8952 0.3984 0.2000
vn 0.7981 0.6014 0.0382
vn 0.9440 0.2418 0.2244
vn 0.9131 0.4009 0.0742
vn 0.8111 0.5848 -0.0144
vn 0.9568 0.1674 0.2378
vn 0.8600 0.1175 0.4965
vn 0.6207 0.3984 0.6753
vn 0.6843 0.1674 0.7097
vn 0.5184 0.3999 0.7559
vn 0.6616 0.2428 0.7094
vn 0.8020 0.4923 0.3382
vn 0.8870 0.2767 0.3698
vn 0.4321 0.6014 0.6720
vn 0.3912 0.5824 0.7126
vn 0.6856 0.6695 0.2858
vn 0.7334 0.6507 0.1965
vn 0.8771 0.4189 0.2350
vn 0.9164 0.3984 -0.0385
vn 0.7807 0.6014 -0.1697
vn 0.9699 0.2418 -0.0275
vn 0.9012 0.4009 -0.1646
vn 0.7797 0.5848 -0.2238
vn 0.9857 0.1674 -0.0180
vn 0.9592 0.1175 0.2570
vn 0.7744 0.3984 0.4916
vn 0.8447 0.1674 0.5084
vn 0.6963 0.3999 0.5960
vn 0.8227 0.2428 0.5140
vn 0.5913 0.6014 0.5373
vn 0.5623 0.5824 0.5870
vn 0.0511 -0.0186 0.9985
vn 0.0000 -0.0189 0.9998
vn 0.0000 -0.0370 0.9993
vn 0.0669 -0.0370 0.9971
vn 0.1305 -0.0041 0.9914
vn 0.1280 0.1944 0.9725
vn -0.0000 0.1950 0.9808
vn 0.0000 0.9545 0.2983
vn 0.0398 0.9524 0.3023
vn 0.0000 1.0000 0.0000
vn -0.1305 -0.0108 0.9914
vn -0.0511 -0.0186 0.9985
vn -0.1305 -0.0041 0.9914
vn 0.1305 -0.0108 0.9914
vn -0.0669 -0.0370 0.9971
vn 0.3078 -0.0186 0.9513
vn 0.2588 -0.0189 0.9658
vn 0.2586 -0.0370 0.9653
vn 0.3227 -0.0370 0.9458
vn 0.0772 0.9545 0.2882
vn 0.1167 0.9524 0.2817
vn 0.2091 -0.0186 0.9777
vn 0.3827 -0.0108 0.9238
vn 0.3827 -0.0041 0.9239
vn 0.1935 -0.0370 0.9804
vn 0.5435 -0.0186 0.8392
vn 0.4999 -0.0189 0.8659
vn 0.4997 -0.0370 0.8654
vn 0.5565 -0.0370 0.8300
vn 0.6088 -0.0041 0.7933
vn 0.5971 0.1944 0.7782
vn 0.4904 0.1950 0.8494
vn 0.1492 0.9545 0.2584
vn 0.1856 0.9524 0.2419
vn 0.4550 -0.0186 0.8903
vn 0.6087 -0.0108 0.7933
vn 0.4406 -0.0370 0.8969
vn 0.7422 -0.0186 0.6700
vn 0.7070 -0.0189 0.7070
vn 0.7066 -0.0370 0.7066
vn 0.7523 -0.0370 0.6577
vn 0.7933 -0.0041 0.6088
vn 0.7782 0.1944 0.5971
vn 0.6935 0.1950 0.6935
vn 0.2109 0.9545 0.2109
vn 0.2419 0.9524 0.1856
vn 0.6700 -0.0186 0.7422
vn 0.7933 -0.0108 0.6087
vn 0.6577 -0.0370 0.7523
vn 0.8903 -0.0186 0.4550
vn 0.8659 -0.0189 0.4999
vn 0.8654 -0.0370 0.4997
vn 0.8969 -0.0370 0.4406
vn 0.9239 -0.0041 0.3827
vn 0.9062 0.1944 0.3754
vn 0.8494 0.1950 0.4904
vn 0.2584 0.9545 0.1492
vn 0.2817 0.9524 0.1167
vn 0.8392 -0.0186 0.5435
vn 0.9238 -0.0108 0.3827
vn 0.8300 -0.0370 0.5565
vn 0.9777 -0.0186 0.2091
vn 0.9658 -0.0189 0.2588
vn 0.9653 -0.0370 0.2586
vn 0.9804 -0.0370 0.1935
vn 0.2882 0.9545 0.0772
vn 0.3023 0.9524 0.0398
vn 0.9513 -0.0186 0.3078
vn 0.9914 -0.0108 0.1305
vn 0.9914 -0.0041 0.1305
vn 0.9458 -0.0370 0.3227
vn 0.0511 -0.0186 -0.9985
vn 0.0669 -0.0370 -0.9971
vn 0.0000 -0.0370 -0.9993
vn -0.0000 -0.0189 -0.9998
vn -0.1492 0.9545 -0.2584
vn -0.1167 0.9524 -0.2817
vn 0.9985 -0.0186 0.0511
vn 0.9998 -0.0189 0.0000
vn 0.9993 -0.0370 -0.0000
vn 0.9971 -0.0370 0.0669
vn -0.0000 0.1950 -0.9808
vn 0.1280 0.1944 -0.9725
vn 0.1305 -0.0041 -0.9914
vn -0.0669 -0.0370 -0.9971
vn -0.0511 -0.0186 -0.9985
vn -0.1305 -0.0108 -0.9914
vn -0.1305 -0.0041 -0.9914
vn 0.1305 -0.0108 -0.9914
vn 0.2588 -0.0189 -0.9658
vn 0.2091 -0.0186 -0.9777
vn 0.3078 -0.0186 -0.9513
vn 0.3827 -0.0041 -0.9239
vn 0.3827 -0.0108 -0.9238
vn 0.0000 0.9545 -0.2983
vn 0.0398 0.9524 -0.3023
vn 0.2586 -0.0370 -0.9653
vn 0.1935 -0.0370 -0.9804
vn 0.3227 -0.0370 -0.9458
vn 0.0772 0.9545 -0.2882
vn 0.4999 -0.0189 -0.8659
vn 0.4550 -0.0186 -0.8903
vn 0.1167 0.9524 -0.2817
vn 0.5435 -0.0186 -0.8392
vn 0.5565 -0.0370 -0.8300
vn 0.4997 -0.0370 -0.8654
vn 0.7933 -0.0041 -0.6088
vn 0.7782 0.1944 -0.5971
vn 0.8494 0.1950 -0.4904
vn 0.8659 -0.0189 -0.4999
vn 0.4904 0.1950 -0.8494
vn 0.5971 0.1944 -0.7782
vn 0.6088 -0.0041 -0.7933
vn -0.2588 -0.0189 -0.9658
vn -0.2539 0.1950 -0.9474
vn -0.1280 0.1944 -0.9725
vn 0.6087 -0.0108 -0.7933
vn 0.4406 -0.0370 -0.8969
vn 0.1492 0.9545 -0.2584
vn 0.1856 0.9524 -0.2419
vn 0.2109 0.9545 -0.2109
vn 0.2419 0.9524 -0.1856
vn 0.7066 -0.0370 -0.7066
vn 0.6577 -0.0370 -0.7523
vn 0.6700 -0.0186 -0.7422
vn 0.7070 -0.0189 -0.7070
vn -0.4999 -0.0189 -0.8659
vn -0.4904 0.1950 -0.8494
vn -0.3754 0.1944 -0.9062
vn -0.3827 -0.0041 -0.9239
vn 0.7422 -0.0186 -0.6700
vn 0.7523 -0.0370 -0.6577
vn 0.6935 0.1950 -0.6935
vn 0.7933 -0.0108 -0.6087
vn 0.8903 -0.0186 -0.4550
vn 0.8969 -0.0370 -0.4406
vn 0.8654 -0.0370 -0.4997
vn 0.8392 -0.0186 -0.5435
vn 0.2584 0.9545 -0.1492
vn -0.0772 0.9545 -0.2882
vn 0.9062 0.1944 -0.3754
vn 0.9239 -0.0041 -0.3827
vn 0.2817 0.9524 -0.1167
vn 0.8301 -0.0370 -0.5565
vn 0.9238 -0.0108 -0.3827
vn 0.9777 -0.0186 -0.2091
vn 0.9804 -0.0370 -0.1935
vn 0.9653 -0.0370 -0.2586
vn 0.9658 -0.0189 -0.2588
vn 0.1016 0.6277 -0.7718
vn 0.0000 0.6307 -0.7760
vn 0.9971 -0.0370 -0.0669
vn 0.9985 -0.0186 -0.0511
vn -0.1016 0.6277 -0.7718
vn -0.0398 0.9524 -0.3023
vn 0.2882 0.9545 -0.0772
vn -0.9985 -0.0186 -0.0511
vn -0.9971 -0.0370 -0.0669
vn -0.9993 -0.0370 0.0000
vn -0.9998 -0.0189 0.0000
vn 0.9914 -0.0108 -0.1305
vn 0.9914 -0.0041 -0.1305
vn 0.3023 0.9524 -0.0398
vn 0.9513 -0.0186 -0.3078
vn 0.9458 -0.0370 -0.3227
vn 0.7192 0.6277 -0.2979
vn 0.6721 0.6307 -0.3880
vn -0.9513 -0.0186 -0.3077
vn -0.9458 -0.0370 -0.3227
vn -0.9653 -0.0370 -0.2586
vn -0.9658 -0.0189 -0.2588
vn 0.6176 0.6277 -0.4739
vn -0.9914 -0.0041 -0.1305
vn -0.9914 -0.0108 -0.1305
vn -0.9808 0.1950 -0.0000
vn -0.9725 0.1944 -0.1280
vn -0.6176 0.6277 -0.4739
vn -0.7782 0.1944 -0.5971
vn -0.8494 0.1950 -0.4904
vn -0.6721 0.6307 -0.3880
vn -0.2983 0.9545 -0.0000
vn -0.3023 0.9524 -0.0398
vn -0.7192 0.6277 -0.2979
vn -0.9062 0.1944 -0.3754
vn -0.9474 0.1950 -0.2539
vn -0.7496 0.6307 -0.2009
vn -0.9804 -0.0370 -0.1935
vn -0.9777 -0.0186 -0.2091
vn -0.8392 -0.0186 -0.5435
vn -0.8301 -0.0370 -0.5565
vn -0.8654 -0.0370 -0.4997
vn -0.8659 -0.0189 -0.4999
vn -0.2882 0.9545 -0.0772
vn 0.2009 0.6307 -0.7496
vn -0.2817 0.9524 -0.1167
vn 0.2979 0.6277 -0.7192
vn -0.9239 -0.0041 -0.3827
vn -0.9238 -0.0108 -0.3827
vn -0.2584 0.9545 -0.1492
vn -0.2419 0.9524 -0.1856
vn -0.7933 -0.0041 -0.6088
vn -0.7933 -0.0108 -0.6087
vn -0.6700 -0.0186 -0.7422
vn -0.7070 -0.0189 -0.7070
vn -0.6088 -0.0041 -0.7933
vn -0.6087 -0.0108 -0.7933
vn 0.5488 0.6307 -0.5487
vn -0.8903 -0.0186 -0.4550
vn -0.8969 -0.0370 -0.4406
vn 0.7496 0.6307 -0.2009
vn -0.7066 -0.0370 -0.7066
vn -0.7523 -0.0370 -0.6577
vn -0.7422 -0.0186 -0.6700
vn -0.6577 -0.0370 -0.7523
vn -0.4739 0.6277 -0.6176
vn -0.1856 0.9524 -0.2419
vn -0.3880 0.6307 -0.6721
vn -0.2109 0.9545 -0.2109
vn -0.5488 0.6307 -0.5488
vn -0.4550 -0.0186 -0.8903
vn -0.4406 -0.0370 -0.8969
vn -0.4997 -0.0370 -0.8654
vn -0.9985 -0.0186 0.0511
vn -0.9971 -0.0370 0.0669
vn -0.9914 -0.0041 0.1305
vn -0.9725 0.1944 0.1280
vn -0.3023 0.9524 0.0398
vn -0.9914 -0.0108 0.1305
vn -0.9513 -0.0186 0.3078
vn -0.9658 -0.0189 0.2588
vn -0.9653 -0.0370 0.2586
vn -0.9458 -0.0370 0.3227
vn -0.2882 0.9545 0.0772
vn -0.2817 0.9524 0.1167
vn -0.9777 -0.0186 0.2091
vn -0.9238 -0.0108 0.3827
vn -0.9239 -0.0041 0.3827
vn -0.9804 -0.0370 0.1935
vn -0.8392 -0.0186 0.5435
vn -0.8659 -0.0189 0.4999
vn -0.8654 -0.0370 0.4997
vn -0.8301 -0.0370 0.5565
vn -0.2584 0.9545 0.1492
vn -0.2419 0.9524 0.1856
vn -0.8903 -0.0186 0.4550
vn -0.7933 -0.0108 0.6087
vn -0.7933 -0.0041 0.6088
vn -0.8969 -0.0370 0.4406
vn -0.6700 -0.0186 0.7422
vn -0.7070 -0.0189 0.7070
vn -0.7066 -0.0370 0.7066
vn -0.6577 -0.0370 0.7523
vn -0.2109 0.9545 0.2109
vn -0.1856 0.9524 0.2419
vn -0.7422 -0.0186 0.6700
vn -0.6087 -0.0108 0.7933
vn -0.6088 -0.0041 0.7933
vn -0.7523 -0.0370 0.6577
vn -0.4550 -0.0186 0.8903
vn -0.4999 -0.0189 0.8659
vn -0.4997 -0.0370 0.8654
vn -0.4406 -0.0370 0.8969
vn -0.1492 0.9545 0.2584
vn -0.1167 0.9524 0.2817
vn -0.5435 -0.0186 0.8392
vn -0.3827 -0.0108 0.9238
vn -0.3827 -0.0041 0.9239
vn -0.5565 -0.0370 0.8301
vn -0.2091 -0.0186 0.9777
vn -0.2588 -0.0189 0.9658
vn -0.2586 -0.0370 0.9653
vn -0.1935 -0.0370 0.9804
vn -0.0772 0.9545 0.2882
vn -0.0398 0.9524 0.3023
vn -0.3078 -0.0186 0.9513
vn -0.3227 -0.0370 0.9458
vn -0.5971 0.1944 -0.7782
vn -0.5971 0.1944 0.7782
vn -0.6935 0.1950 0.6935
vn -0.1280 0.1944 0.9725
vn -0.2539 0.1950 0.9474
vn 0.9474 0.1950 0.2539
vn -0.2091 -0.0186 -0.9777
vn -0.1935 -0.0370 -0.9804
vn -0.2586 -0.0370 -0.9653
vn 0.3754 0.1944 -0.9062
vn 0.3880 0.6307 -0.6721
vn -0.7782 0.1944 0.5971
vn -0.8494 0.1950 0.4904
vn 0.3754 0.1944 0.9062
vn 0.9808 0.1950 -0.0000
vn 0.9725 0.1944 0.1280
vn 0.7718 0.6277 -0.1016
vn 0.9725 0.1944 -0.1280
vn 0.9474 0.1950 -0.2539
vn -0.4904 0.1950 0.8494
vn -0.2979 0.6277 -0.7192
vn -0.3754 0.1944 0.9062
vn 0.2983 0.9545 -0.0000
vn -0.9062 0.1944 0.3754
vn 0.4739 0.6277 -0.6176
vn -0.7718 0.6277 -0.1016
vn -0.5435 -0.0186 -0.8392
vn -0.6935 0.1950 -0.6935
vn -0.9474 0.1950 0.2539
vn 0.2539 0.1950 -0.9474
vn 0.7760 0.6307 -0.0000
vn 0.2539 0.1950 0.9474
vn 0.0000 0.6307 0.7760
vn -0.1016 0.6277 0.7718
vn 0.1016 0.6277 0.7718
vn 0.3880 0.6307 0.6721
vn 0.2979 0.6277 0.7192
vn 0.5488 0.6307 0.5487
vn 0.4739 0.6277 0.6176
vn 0.6721 0.6307 0.3880
vn 0.6176 0.6277 0.4739
vn 0.7192 0.6277 0.2979
vn 0.7718 0.6277 0.1016
vn -0.5565 -0.0370 -0.8301
vn -0.3227 -0.0370 -0.9458
vn -0.3078 -0.0186 -0.9513
vn -0.7760 0.6307 -0.0000
vn -0.2009 0.6307 -0.7496
vn -0.7718 0.6277 0.1016
vn -0.7496 0.6307 0.2009
vn -0.7192 0.6277 0.2979
vn -0.6721 0.6307 0.3880
vn -0.6176 0.6277 0.4739
vn -0.5488 0.6307 0.5488
vn -0.4739 0.6277 0.6176
vn -0.2009 0.6307 0.7496
vn -0.2979 0.6277 0.7192
vn 0.2009 0.6307 0.7496
vn 0.7496 0.6307 0.2009
vn -0.3827 -0.0108 -0.9238
vn -0.3880 0.6307 0.6721
vn -0.3625 -0.5614 0.7440
vn -0.0000 -0.5175 0.8557
vn -0.3597 -0.5609 0.7456
vn 0.3625 -0.5614 0.7440
vn 0.3597 -0.5609 0.7456
vn 0.4048 -0.5560 0.7259
vn 0.3559 -0.5451 0.7591
vn -0.1117 -0.5202 0.8467
vn -0.1109 -0.5202 0.8468
vn -0.5787 -0.5562 0.5964
vn -0.5399 -0.5454 0.6411
vn -0.5427 -0.5614 0.6248
vn -0.5405 -0.5609 0.6271
vn -0.2215 -0.5175 0.8265
vn 0.1576 -0.5614 0.8124
vn 0.1545 -0.5609 0.8133
vn 0.2032 -0.5560 0.8060
vn 0.1473 -0.5451 0.8253
vn -0.3270 -0.5202 0.7890
vn -0.3263 -0.5202 0.7893
vn -0.7134 -0.5562 0.4263
vn -0.6874 -0.5454 0.4795
vn -0.6859 -0.5614 0.4630
vn -0.6843 -0.5609 0.4659
vn -0.4278 -0.5175 0.7411
vn -0.0580 -0.5614 0.8255
vn -0.0613 -0.5609 0.8256
vn -0.0125 -0.5562 0.8309
vn -0.0715 -0.5454 0.8351
vn -0.5197 -0.5202 0.6777
vn -0.5204 -0.5202 0.6772
vn -0.7996 -0.5560 0.2270
vn -0.7884 -0.5451 0.2851
vn -0.7824 -0.5614 0.2697
vn -0.7816 -0.5609 0.2729
vn -0.6051 -0.5175 0.6051
vn -0.2697 -0.5614 0.7824
vn -0.2729 -0.5609 0.7816
vn -0.2271 -0.5562 0.7994
vn -0.2852 -0.5454 0.7881
vn -0.6774 -0.5202 0.5201
vn -0.6779 -0.5202 0.5195
vn -0.8311 -0.5560 0.0124
vn -0.8353 -0.5451 0.0713
vn -0.8255 -0.5614 0.0580
vn -0.8256 -0.5609 0.0613
vn -0.7411 -0.5175 0.4278
vn -0.4630 -0.5614 0.6859
vn -0.4659 -0.5609 0.6843
vn -0.4262 -0.5560 0.7136
vn -0.4794 -0.5451 0.6877
vn -0.7891 -0.5202 0.3266
vn -0.7888 -0.5202 0.3274
vn -0.8058 -0.5563 -0.2030
vn -0.8252 -0.5454 -0.1470
vn -0.8124 -0.5614 -0.1576
vn -0.8133 -0.5609 -0.1545
vn -0.8265 -0.5175 0.2215
vn -0.6248 -0.5614 0.5427
vn -0.6271 -0.5609 0.5404
vn -0.5964 -0.5560 0.5789
vn -0.6411 -0.5451 0.5402
vn -0.8468 -0.5202 0.1113
vn -0.8467 -0.5202 0.1120
vn -0.7258 -0.5562 -0.4046
vn -0.7590 -0.5454 -0.3556
vn -0.7439 -0.5614 -0.3625
vn -0.7456 -0.5609 -0.3597
vn -0.8557 -0.5175 -0.0000
vn -0.7439 -0.5614 0.3625
vn -0.7456 -0.5609 0.3597
vn -0.7258 -0.5563 0.4046
vn -0.7590 -0.5454 0.3556
vn -0.8468 -0.5202 -0.1113
vn -0.8467 -0.5202 -0.1120
vn -0.5964 -0.5560 -0.5789
vn -0.6411 -0.5451 -0.5402
vn -0.6248 -0.5614 -0.5427
vn -0.6271 -0.5609 -0.5404
vn -0.8265 -0.5175 -0.2215
vn -0.8124 -0.5614 0.1576
vn -0.8133 -0.5609 0.1545
vn -0.8058 -0.5563 0.2030
vn -0.8252 -0.5454 0.1470
vn -0.7891 -0.5202 -0.3266
vn -0.7888 -0.5202 -0.3274
vn -0.4262 -0.5560 -0.7136
vn -0.4794 -0.5451 -0.6877
vn -0.4630 -0.5614 -0.6859
vn -0.4659 -0.5609 -0.6843
vn -0.7411 -0.5175 -0.4278
vn -0.8255 -0.5614 -0.0580
vn -0.8256 -0.5609 -0.0613
vn -0.8311 -0.5560 -0.0124
vn -0.8353 -0.5451 -0.0713
vn -0.6774 -0.5202 -0.5201
vn -0.6779 -0.5202 -0.5195
vn -0.2271 -0.5562 -0.7994
vn -0.2852 -0.5454 -0.7881
vn -0.2697 -0.5614 -0.7824
vn -0.2729 -0.5609 -0.7816
vn -0.6051 -0.5175 -0.6051
vn -0.7824 -0.5614 -0.2697
vn -0.7816 -0.5609 -0.2729
vn -0.7996 -0.5560 -0.2270
vn -0.7884 -0.5452 -0.2851
vn -0.5197 -0.5202 -0.6777
vn -0.5204 -0.5202 -0.6772
vn -0.0125 -0.5563 -0.8309
vn -0.0715 -0.5454 -0.8351
vn -0.0580 -0.5614 -0.8255
vn -0.0613 -0.5609 -0.8256
vn -0.4278 -0.5175 -0.7410
vn -0.6859 -0.5614 -0.4630
vn -0.6843 -0.5609 -0.4659
vn -0.7134 -0.5563 -0.4263
vn -0.6874 -0.5454 -0.4795
vn -0.3270 -0.5202 -0.7890
vn -0.3263 -0.5202 -0.7893
vn 0.2032 -0.5560 -0.8060
vn 0.1473 -0.5451 -0.8253
vn 0.1576 -0.5614 -0.8124
vn 0.1545 -0.5609 -0.8133
vn -0.2215 -0.5175 -0.8265
vn -0.5427 -0.5614 -0.6248
vn -0.5404 -0.5609 -0.6271
vn -0.5787 -0.5563 -0.5964
vn -0.5399 -0.5454 -0.6411
vn -0.1117 -0.5202 -0.8467
vn -0.1109 -0.5202 -0.8468
vn 0.4048 -0.5560 -0.7259
vn 0.3559 -0.5451 -0.7591
vn 0.3625 -0.5614 -0.7439
vn 0.3597 -0.5609 -0.7456
vn -0.0000 -0.5175 -0.8557
vn -0.3625 -0.5614 -0.7439
vn -0.3597 -0.5609 -0.7456
vn -0.4048 -0.5560 -0.7259
vn -0.3559 -0.5451 -0.7591
vn 0.1117 -0.5202 -0.8467
vn 0.1109 -0.5202 -0.8468
vn 0.5787 -0.5562 -0.5964
vn 0.5399 -0.5454 -0.6411
vn 0.5427 -0.5614 -0.6248
vn 0.5405 -0.5609 -0.6271
vn 0.2215 -0.5175 -0.8265
vn -0.1576 -0.5614 -0.8124
vn -0.1545 -0.5609 -0.8133
vn -0.2032 -0.5560 -0.8060
vn -0.1473 -0.5451 -0.8253
vn 0.3270 -0.5202 -0.7890
vn 0.3263 -0.5202 -0.7893
vn 0.7134 -0.5562 -0.4263
vn 0.6875 -0.5454 -0.4795
vn 0.6859 -0.5614 -0.4630
vn 0.6843 -0.5609 -0.4659
vn 0.4279 -0.5175 -0.7411
vn 0.4278 -0.5175 -0.7411
vn 0.0580 -0.5614 -0.8255
vn 0.0613 -0.5609 -0.8256
vn 0.0124 -0.5560 -0.8311
vn 0.0713 -0.5451 -0.8353
vn 0.5201 -0.5202 -0.6774
vn 0.5195 -0.5202 -0.6779
vn 0.7994 -0.5562 -0.2271
vn 0.7881 -0.5454 -0.2852
vn 0.7824 -0.5614 -0.2697
vn 0.7816 -0.5609 -0.2729
vn 0.6051 -0.5175 -0.6051
vn 0.2697 -0.5614 -0.7824
vn 0.2729 -0.5609 -0.7816
vn 0.2270 -0.5560 -0.7996
vn 0.2851 -0.5451 -0.7884
vn 0.6777 -0.5202 -0.5197
vn 0.6772 -0.5202 -0.5204
vn 0.8309 -0.5562 -0.0125
vn 0.8351 -0.5454 -0.0715
vn 0.8255 -0.5614 -0.0580
vn 0.8256 -0.5609 -0.0613
vn 0.7411 -0.5175 -0.4278
vn 0.4630 -0.5614 -0.6859
vn 0.4659 -0.5609 -0.6843
vn 0.4262 -0.5560 -0.7136
vn 0.4794 -0.5451 -0.6877
vn 0.7891 -0.5202 -0.3266
vn 0.7888 -0.5202 -0.3274
vn 0.8058 -0.5562 0.2030
vn 0.8252 -0.5454 0.1470
vn 0.8124 -0.5614 0.1576
vn 0.8133 -0.5609 0.1545
vn 0.8265 -0.5175 -0.2215
vn 0.6248 -0.5614 -0.5427
vn 0.6271 -0.5609 -0.5405
vn 0.5964 -0.5560 -0.5789
vn 0.6411 -0.5451 -0.5402
vn 0.8468 -0.5202 -0.1113
vn 0.8467 -0.5202 -0.1120
vn 0.7258 -0.5562 0.4046
vn 0.7590 -0.5454 0.3556
vn 0.7439 -0.5614 0.3625
vn 0.7456 -0.5609 0.3597
vn 0.8557 -0.5175 -0.0000
vn 0.7439 -0.5614 -0.3625
vn 0.7456 -0.5609 -0.3597
vn 0.7258 -0.5562 -0.4046
vn 0.7590 -0.5454 -0.3556
vn 0.8468 -0.5202 0.1113
vn 0.8467 -0.5202 0.1120
vn 0.5964 -0.5560 0.5789
vn 0.6411 -0.5451 0.5402
vn 0.6248 -0.5614 0.5427
vn 0.6271 -0.5609 0.5405
vn 0.8266 -0.5175 0.2215
vn 0.8124 -0.5614 -0.1576
vn 0.8133 -0.5609 -0.1545
vn 0.8059 -0.5562 -0.2030
vn 0.8252 -0.5454 -0.1470
vn 0.7891 -0.5202 0.3266
vn 0.7888 -0.5202 0.3274
vn 0.4262 -0.5560 0.7136
vn 0.4794 -0.5451 0.6877
vn 0.4630 -0.5614 0.6859
vn 0.4659 -0.5609 0.6844
vn 0.7411 -0.5175 0.4279
vn 0.8255 -0.5614 0.0580
vn 0.8256 -0.5609 0.0613
vn 0.8309 -0.5562 0.0125
vn 0.8351 -0.5454 0.0715
vn 0.6777 -0.5202 0.5197
vn 0.6772 -0.5202 0.5204
vn 0.2270 -0.5560 0.7996
vn 0.2851 -0.5451 0.7884
vn 0.2697 -0.5614 0.7824
vn 0.2729 -0.5609 0.7816
vn 0.6051 -0.5175 0.6051
vn 0.7824 -0.5614 0.2697
vn 0.7816 -0.5609 0.2729
vn 0.7994 -0.5562 0.2271
vn 0.7881 -0.5454 0.2852
vn 0.5201 -0.5202 0.6774
vn 0.5195 -0.5202 0.6779
vn 0.0124 -0.5560 0.8311
vn 0.0713 -0.5451 0.8353
vn 0.0580 -0.5614 0.8255
vn 0.0613 -0.5609 0.8256
vn 0.4279 -0.5175 0.7411
vn 0.6859 -0.5614 0.4630
vn 0.6844 -0.5609 0.4659
vn 0.7134 -0.5562 0.4263
vn 0.6875 -0.5454 0.4795
vn 0.3270 -0.5201 0.7890
vn 0.3263 -0.5201 0.7893
vn -0.2032 -0.5560 0.8060
vn -0.1473 -0.5451 0.8253
vn -0.1576 -0.5614 0.8124
vn -0.1545 -0.5609 0.8133
vn 0.2215 -0.5175 0.8266
vn 0.5427 -0.5614 0.6248
vn 0.5405 -0.5609 0.6271
vn 0.5787 -0.5562 0.5964
vn 0.5399 -0.5454 0.6411
vn 0.1117 -0.5201 0.8467
vn 0.1109 -0.5201 0.8468
vn -0.4048 -0.5560 0.7259
vn -0.3559 -0.5451 0.7591
s 1
f 9/1/1 6/2/2 7/3/3 8/4/4
f 1/5/5 2/6/6 4/7/7 3/8/8
f 3/8/8 4/7/7 8/4/4 5/9/9
f 5/9/9 8/4/4 7/3/3 23/10/10
f 2/6/6 9/1/1 8/4/4 4/7/7
f 9/1/1 13/11/11 313/12/12 6/2/2
f 1/5/5 10/13/13 11/14/14 2/6/6
f 10/13/13 12/15/15 13/11/11 11/14/14
f 12/15/15 308/16/16 313/12/12 13/11/11
f 2/6/6 11/14/14 13/11/11 9/1/1
f 22/17/17 19/18/18 20/19/19 21/20/20
f 14/21/21 15/22/22 17/23/23 16/24/24
f 16/24/24 17/23/23 21/20/20 18/25/25
f 18/25/25 21/20/20 20/19/19 37/26/26
f 15/22/22 22/17/17 21/20/20 17/23/23
f 22/17/17 27/27/27 7/3/3 19/18/18
f 14/21/21 24/28/28 25/29/29 15/22/22
f 24/28/28 26/30/30 27/27/27 25/29/29
f 26/30/30 23/10/10 7/3/3 27/27/27
f 15/22/22 25/29/29 27/27/27 22/17/17
f 36/31/31 33/32/32 34/33/33 35/34/34
f 28/35/35 29/36/36 31/37/37 30/38/38
f 30/38/38 31/37/37 35/34/34 32/39/39
f 32/39/39 35/34/34 34/33/33 51/40/40
f 29/36/36 36/31/31 35/34/34 31/37/37
f 36/31/31 41/41/41 20/19/19 33/32/32
f 28/35/35 38/42/42 39/43/43 29/36/36
f 38/42/42 40/44/44 41/41/41 39/43/43
f 40/44/44 37/26/26 20/19/19 41/41/41
f 29/36/36 39/43/43 41/41/41 36/31/31
f 50/45/45 47/46/46 48/47/47 49/48/48
f 42/49/49 43/50/50 45/51/51 44/52/52
f 44/52/52 45/51/51 49/48/48 46/53/53
f 46/53/53 49/48/48 48/47/47 65/54/54
f 43/50/50 50/45/45 49/48/48 45/51/51
f 50/45/45 55/55/55 34/33/33 47/46/46
f 42/49/49 52/56/56 53/57/57 43/50/50
f 52/56/56 54/58/58 55/55/55 53/57/57
f 54/58/58 51/40/40 34/33/33 55/55/55
f 43/50/50 53/57/57 55/55/55 50/45/45
f 64/59/59 61/60/60 62/61/61 63/62/62
f 56/63/63 57/64/64 59/65/65 58/66/66
f 58/66/66 59/65/65 63/62/62 60/67/67
f 60/67/67 63/62/62 62/61/61 79/68/68
f 57/64/64 64/59/59 63/62/62 59/65/65
f 64/59/59 69/69/69 48/47/47 61/60/60
f 56/63/63 66/70/70 67/71/71 57/64/64
f 66/70/70 68/72/72 69/69/69 67/71/71
f 68/72/72 65/54/54 48/47/47 69/69/69
f 57/64/64 67/71/71 69/69/69 64/59/59
f 78/73/73 75/74/74 76/75/75 77/76/76
f 70/77/77 71/78/78 73/79/79 72/80/80
f 72/80/80 73/79/79 77/76/76 74/81/81
f 74/81/81 77/76/76 76/75/75 92/82/82
f 71/78/78 78/73/73 77/76/76 73/79/79
f 78/73/73 83/83/83 62/61/61 75/74/74
f 70/77/77 80/84/84 81/85/85 71/78/78
f 80/84/84 82/86/86 83/83/83 81/85/85
f 82/86/86 79/68/68 62/61/61 83/83/83
f 71/78/78 81/85/85 83/83/83 78/73/73
f 101/87/87 98/88/88 342/89/89 105/90/90
f 88/91/91 97/92/92 100/93/93 90/94/94
f 101/87/87 100/93/93 99/95/95 98/88/88
f 249/96/96 334/97/97 250/98/98 246/99/99
f 86/100/100 88/91/91 90/94/94 87/101/101
f 91/102/102 96/103/103 76/75/75 89/104/104
f 84/105/105 93/106/106 94/107/107 85/108/108
f 93/106/106 95/109/109 96/103/103 94/107/107
f 95/109/109 92/82/82 76/75/75 96/103/103
f 85/108/108 94/107/107 96/103/103 91/102/102
f 114/110/110 111/111/111 99/95/95 119/112/112
f 106/113/113 108/114/114 109/115/115 107/116/116
f 97/92/92 115/117/117 99/95/95 100/93/93
f 107/116/116 114/110/110 119/112/112 117/118/118
f 247/119/119 248/120/120 334/97/97 249/96/96
f 102/121/121 103/122/122 105/90/90 104/123/123
f 87/101/101 90/94/94 100/93/93 101/87/87
f 86/100/100 87/101/101 103/122/122 102/121/121
f 87/101/101 101/87/87 105/90/90 103/122/122
f 104/123/123 105/90/90 342/89/89 337/124/124
f 108/114/114 110/125/125 113/126/126 109/115/115
f 120/127/127 122/128/128 123/129/129 121/130/130
f 114/110/110 113/126/126 112/131/131 111/111/111
f 106/113/113 107/116/116 117/118/118 116/132/132
f 110/125/125 129/133/133 112/131/131 113/126/126
f 134/134/134 136/135/135 137/136/136 135/137/137
f 107/116/116 109/115/115 113/126/126 114/110/110
f 116/132/132 117/118/118 119/112/112 118/138/138
f 118/138/138 119/112/112 99/95/95 115/117/117
f 128/139/139 127/140/140 126/141/141 125/142/142
f 138/143/143 157/144/144 140/145/145 141/146/146
f 124/147/147 143/148/148 126/141/141 127/140/140
f 122/128/128 124/147/147 127/140/140 123/129/129
f 142/149/149 139/150/150 126/141/141 147/151/151
f 128/139/139 125/142/142 112/131/131 133/152/152
f 130/153/153 131/154/154 133/152/152 132/155/155
f 120/127/127 121/130/130 131/154/154 130/153/153
f 121/130/130 128/139/139 133/152/152 131/154/154
f 121/130/130 123/129/129 127/140/140 128/139/139
f 132/155/155 133/152/152 112/131/131 129/133/133
f 134/134/134 135/137/137 145/156/156 144/157/157
f 148/158/158 150/159/159 151/160/160 149/161/161
f 142/149/149 141/146/146 140/145/145 139/150/150
f 152/162/162 171/163/163 154/164/164 155/165/165
f 136/135/135 138/143/143 141/146/146 137/136/136
f 146/166/166 147/151/151 126/141/141 143/148/148
f 135/137/137 137/136/136 141/146/146 142/149/149
f 135/137/137 142/149/149 147/151/151 145/156/156
f 144/157/157 145/156/156 147/151/151 146/166/166
f 162/167/167 164/168/168 165/169/169 163/170/170
f 150/159/159 152/162/162 155/165/165 151/160/160
f 156/171/171 155/165/165 154/164/164 153/172/172
f 156/171/171 153/172/172 140/145/145 161/173/173
f 170/174/174 167/175/175 154/164/164 175/176/176
f 149/161/161 151/160/160 155/165/165 156/171/171
f 160/177/177 161/173/173 140/145/145 157/144/144
f 148/158/158 149/161/161 159/178/178 158/179/179
f 158/179/179 159/178/178 161/173/173 160/177/177
f 149/161/161 156/171/171 161/173/173 159/178/178
f 172/180/180 173/181/181 175/176/176 174/182/182
f 245/183/183 186/184/184 185/185/185 242/186/186
f 170/174/174 169/187/187 168/188/188 167/175/175
f 163/170/170 165/169/169 169/187/187 170/174/174
f 236/189/189 182/190/190 183/191/191 237/192/192
f 164/168/168 166/193/193 169/187/187 165/169/169
f 174/182/182 175/176/176 154/164/164 171/163/163
f 166/193/193 176/194/194 168/188/188 169/187/187
f 163/170/170 170/174/174 175/176/176 173/181/181
f 162/167/167 163/170/170 173/181/181 172/180/180
f 84/105/105 85/108/108 178/195/195 177/196/196
f 190/197/197 192/198/198 194/199/199 191/200/200
f 91/102/102 89/104/104 168/188/188 180/201/201
f 177/196/196 178/195/195 180/201/201 179/202/202
f 192/198/198 189/203/203 211/204/204 194/199/199
f 182/190/190 184/205/205 186/184/184 183/191/191
f 184/205/205 181/206/206 185/185/185 186/184/184
f 179/202/202 180/201/201 168/188/188 176/194/194
f 85/108/108 91/102/102 180/201/201 178/195/195
f 207/207/207 206/208/208 225/209/209 205/210/210
f 237/192/192 183/191/191 186/184/184 245/183/183
f 204/211/211 221/212/212 225/209/209 206/208/208
f 200/213/213 202/214/214 203/215/215 201/216/216
f 195/217/217 194/199/199 211/204/204 193/218/218
f 202/214/214 204/211/211 206/208/208 203/215/215
f 188/219/219 191/200/200 194/199/199 195/217/217
f 187/220/220 188/219/219 197/221/221 196/222/222
f 187/220/220 190/197/197 191/200/200 188/219/219
f 195/217/217 193/218/218 185/185/185 199/223/223
f 220/224/224 219/225/225 250/98/98 218/226/226
f 196/222/222 197/221/221 199/223/223 198/227/227
f 214/228/228 216/229/229 219/225/225 220/224/224
f 213/230/230 215/231/231 216/229/229 214/228/228
f 198/227/227 199/223/223 185/185/185 181/206/206
f 215/231/231 217/232/232 219/225/225 216/229/229
f 201/216/216 203/215/215 206/208/208 207/207/207
f 200/213/213 201/216/216 209/233/233 208/234/234
f 188/219/219 195/217/217 199/223/223 197/221/221
f 207/207/207 205/210/210 211/204/204 212/235/235
f 235/236/236 234/237/237 348/238/238 233/239/239
f 208/234/234 209/233/233 212/235/235 210/240/240
f 228/241/241 231/242/242 234/237/237 235/236/236
f 227/243/243 230/244/244 231/242/242 228/241/241
f 210/240/240 212/235/235 211/204/204 189/203/203
f 235/236/236 233/239/239 250/98/98 334/97/97
f 217/232/232 246/99/99 250/98/98 219/225/225
f 213/230/230 214/228/228 223/245/245 222/246/246
f 201/216/216 207/207/207 212/235/235 209/233/233
f 220/224/224 218/226/226 225/209/209 226/247/247
f 344/248/248 341/249/249 348/238/238 349/250/250
f 222/246/246 223/245/245 226/247/247 224/251/251
f 335/252/252 338/253/253 339/254/254 336/255/255
f 336/255/255 339/254/254 343/256/256 344/248/248
f 224/251/251 226/247/247 225/209/209 221/212/212
f 345/257/257 346/258/258 349/250/250 347/259/259
f 232/260/260 229/261/261 348/238/238 234/237/237
f 227/243/243 228/241/241 248/120/120 247/119/119
f 214/228/228 220/224/224 226/247/247 223/245/245
f 230/244/244 232/260/260 234/237/237 231/242/242
f 338/253/253 340/262/262 343/256/256 339/254/254
f 228/241/241 235/236/236 334/97/97 248/120/120
f 245/183/183 242/186/186 243/263/263 244/264/264
f 236/189/189 237/192/192 240/265/265 239/266/266
f 239/266/266 240/265/265 244/264/264 241/267/267
f 241/267/267 244/264/264 243/263/263 238/268/268
f 237/192/192 245/183/183 244/264/264 240/265/265
f 347/259/259 349/250/250 348/238/238 229/261/261
f 344/248/248 343/256/256 342/89/89 341/249/249
f 340/262/262 337/124/124 342/89/89 343/256/256
f 336/255/255 344/248/248 349/250/250 346/258/258
f 335/252/252 336/255/255 346/258/258 345/257/257
f 259/269/269 257/270/270 275/271/271 258/272/272
f 251/273/273 252/274/274 255/275/275 254/276/276
f 254/276/276 255/275/275 258/272/272 256/277/277
f 256/277/277 258/272/272 275/271/271 253/278/278
f 252/274/274 259/269/269 258/272/272 255/275/275
f 259/269/269 263/279/279 243/263/263 257/270/270
f 251/273/273 260/280/280 261/281/281 252/274/274
f 260/280/280 262/282/282 263/279/279 261/281/281
f 262/282/282 238/268/268 243/263/263 263/279/279
f 252/274/274 261/281/281 263/279/279 259/269/269
f 271/283/283 269/284/284 289/285/285 270/286/286
f 264/287/287 265/288/288 267/289/289 266/290/290
f 266/290/290 267/289/289 270/286/286 268/291/291
f 268/291/291 270/286/286 289/285/285 285/292/292
f 265/288/288 271/283/283 270/286/286 267/289/289
f 271/283/283 276/293/293 275/271/271 269/284/284
f 264/287/287 272/294/294 273/295/295 265/288/288
f 272/294/294 274/296/296 276/293/293 273/295/295
f 274/296/296 253/278/278 275/271/271 276/293/293
f 265/288/288 273/295/295 276/293/293 271/283/283
f 284/297/297 282/298/298 304/299/299 283/300/300
f 277/301/301 278/302/302 280/303/303 279/304/304
f 279/304/304 280/303/303 283/300/300 281/305/305
f 281/305/305 283/300/300 304/299/299 300/306/306
f 278/302/302 284/297/297 283/300/300 280/303/303
f 284/297/297 290/307/307 289/285/285 282/298/298
f 277/301/301 286/308/308 287/309/309 278/302/302
f 286/308/308 288/310/310 290/307/307 287/309/309
f 288/310/310 285/292/292 289/285/285 290/307/307
f 278/302/302 287/309/309 290/307/307 284/297/297
f 299/311/311 297/312/312 319/313/313 298/314/314
f 291/315/315 292/316/316 295/317/317 294/318/318
f 294/318/318 295/317/317 298/314/314 296/319/319
f 296/319/319 298/314/314 319/313/313 293/320/320
f 292/316/316 299/311/311 298/314/314 295/317/317
f 299/311/311 305/321/321 304/299/299 297/312/312
f 291/315/315 301/322/322 302/323/323 292/316/316
f 301/322/322 303/324/324 305/321/321 302/323/323
f 303/324/324 300/306/306 304/299/299 305/321/321
f 292/316/316 302/323/323 305/321/321 299/311/311
f 315/325/325 312/326/326 313/12/12 314/327/327
f 306/328/328 307/329/329 310/330/330 309/331/331
f 309/331/331 310/330/330 314/327/327 311/332/332
f 311/332/332 314/327/327 313/12/12 308/16/16
f 307/329/329 315/325/325 314/327/327 310/330/330
f 315/325/325 320/333/333 319/313/313 312/326/326
f 306/328/328 316/334/334 317/335/335 307/329/329
f 316/334/334 318/336/336 320/333/333 317/335/335
f 318/336/336 293/320/320 319/313/313 320/333/333
f 307/329/329 317/335/335 320/333/333 315/325/325
f 313/12/12 312/326/326 364/337/337 365/338/338
f 348/238/238 397/339/339 393/340/340 233/239/239
f 341/249/249 395/341/341 397/339/339 348/238/238
f 111/111/111 352/342/342 351/343/343 99/95/95
f 185/185/185 387/344/344 354/345/345 242/186/186
f 62/61/61 61/60/60 329/346/346 330/347/347
f 89/104/104 76/75/75 332/348/348 333/349/349
f 34/33/33 33/32/32 325/350/350 326/351/351
f 342/89/89 396/352/352 395/341/341 341/249/249
f 304/299/299 282/298/298 360/353/353 363/354/354
f 47/46/46 34/33/33 326/351/351 327/355/355
f 7/3/3 6/2/2 321/356/356 322/357/357
f 112/131/131 353/358/358 352/342/342 111/111/111
f 6/2/2 313/12/12 365/338/338 321/356/356
f 319/313/313 297/312/312 362/359/359 366/360/360
f 282/298/298 289/285/285 361/361/361 360/353/353
f 243/263/263 242/186/186 354/345/345 355/362/362
f 275/271/271 257/270/270 357/363/363 359/364/364
f 193/218/218 388/365/365 387/344/344 185/185/185
f 250/98/98 394/366/366 391/367/367 218/226/226
f 89/104/104 333/349/349 386/368/368 168/188/188
f 233/239/239 393/340/340 394/366/366 250/98/98
f 154/164/164 384/369/369 383/370/370 153/172/172
f 98/88/88 350/371/371 396/352/352 342/89/89
f 61/60/60 48/47/47 328/372/372 329/346/346
f 19/18/18 7/3/3 322/357/357 323/373/373
f 205/210/210 389/374/374 390/375/375 211/204/204
f 76/75/75 75/74/74 331/376/376 332/348/348
f 168/188/188 386/368/368 385/377/377 167/175/175
f 48/47/47 47/46/46 327/355/355 328/372/372
f 257/270/270 243/263/263 355/362/362 357/363/363
f 20/19/19 19/18/18 323/373/373 324/378/378
f 140/145/145 382/379/379 381/380/380 139/150/150
f 312/326/326 319/313/313 366/360/360 364/337/337
f 75/74/74 62/61/61 330/347/347 331/376/376
f 211/204/204 390/375/375 388/365/365 193/218/218
f 139/150/150 381/380/380 380/381/381 126/141/141
f 269/284/284 275/271/271 359/364/364 358/382/382
f 218/226/226 391/367/367 392/383/383 225/209/209
f 289/285/285 269/284/284 358/382/382 361/361/361
f 99/95/95 351/343/343 350/371/371 98/88/88
f 153/172/172 383/370/370 382/379/379 140/145/145
f 33/32/32 20/19/19 324/378/378 325/350/350
f 125/142/142 356/384/384 353/358/358 112/131/131
f 167/175/175 385/377/377 384/369/369 154/164/164
f 297/312/312 304/299/299 363/354/354 362/359/359
f 126/141/141 380/381/381 356/384/384 125/142/142
f 225/209/209 392/383/383 389/374/374 205/210/210
f 321/356/356 365/338/338 410/385/385 367/386/386
f 383/370/370 429/387/387 428/388/388 382/379/379
f 382/379/379 428/388/388 427/389/389 381/380/380
f 323/373/373 322/357/357 368/390/390 369/391/391
f 385/377/377 431/392/392 430/393/393 384/369/369
f 387/344/344 433/394/394 400/395/395 354/345/345
f 325/350/350 324/378/378 370/396/396 371/397/397
f 386/368/368 432/398/398 431/392/392 385/377/377
f 394/366/366 440/399/399 437/400/400 391/367/367
f 322/357/357 321/356/356 367/386/386 368/390/390
f 327/355/355 326/351/351 372/401/401 373/402/402
f 333/349/349 379/403/403 432/398/398 386/368/368
f 395/341/341 441/404/404 443/405/405 397/339/339
f 324/378/378 323/373/373 369/391/391 370/396/396
f 329/346/346 328/372/372 374/406/406 375/407/407
f 389/374/374 435/408/408 436/409/409 390/375/375
f 397/339/339 443/405/405 439/410/410 393/340/340
f 326/351/351 325/350/350 371/397/397 372/401/401
f 331/376/376 330/347/347 376/411/411 377/412/412
f 391/367/367 437/400/400 438/413/413 392/383/383
f 359/364/364 357/363/363 402/414/414 404/415/415
f 328/372/372 327/355/355 373/402/402 374/406/406
f 393/340/340 439/410/410 440/399/399 394/366/366
f 355/362/362 354/345/345 400/395/395 401/416/416
f 357/363/363 355/362/362 401/416/416 402/414/414
f 330/347/347 329/346/346 375/407/407 376/411/411
f 333/349/349 332/348/348 378/417/417 379/403/403
f 396/352/352 442/418/418 441/404/404 395/341/341
f 361/361/361 358/382/382 403/419/419 406/420/420
f 332/348/348 331/376/376 377/412/412 378/417/417
f 350/371/371 398/421/421 442/418/418 396/352/352
f 358/382/382 359/364/364 404/415/415 403/419/419
f 363/354/354 360/353/353 405/422/422 408/423/423
f 352/342/342 423/424/424 399/425/425 351/343/343
f 381/380/380 427/389/389 426/426/426 380/381/381
f 360/353/353 361/361/361 406/420/420 405/422/422
f 366/360/360 362/359/359 407/427/427 411/428/428
f 351/343/343 399/425/425 398/421/421 350/371/371
f 356/384/384 425/429/429 424/430/430 353/358/358
f 362/359/359 363/354/354 408/423/423 407/427/427
f 353/358/358 424/430/430 423/424/424 352/342/342
f 392/383/383 438/413/413 435/408/408 389/374/374
f 365/338/338 364/337/337 409/431/431 410/385/385
f 380/381/381 426/426/426 425/429/429 356/384/384
f 384/369/369 430/393/393 429/387/387 383/370/370
f 364/337/337 366/360/360 411/428/428 409/431/431
f 390/375/375 436/409/409 434/432/432 388/365/365
f 388/365/365 434/432/432 433/394/394 387/344/344
s 2
f 368/390/433 367/386/433 412/433/433 369/391/433
f 367/386/433 410/385/433 409/431/433 412/433/433
f 369/391/433 412/433/433 413/434/433 370/396/433
f 412/433/433 409/431/433 411/428/433 413/434/433
f 370/396/433 413/434/433 414/435/433 371/397/433
f 413/434/433 411/428/433 407/427/433 414/435/433
f 371/397/433 414/435/433 415/436/433 372/401/433
f 414/435/433 407/427/433 408/423/433 415/436/433
f 372/401/433 415/436/433 416/437/433 373/402/433
f 415/436/433 408/423/433 405/422/433 416/437/433
f 373/402/433 416/437/433 417/438/433 374/406/433
f 416/437/433 405/422/433 406/420/433 417/438/433
f 374/406/433 417/438/433 418/439/433 375/407/433
f 417/438/433 406/420/433 403/419/433 418/439/433
f 375/407/433 418/439/433 419/440/433 376/411/433
f 418/439/433 403/419/433 404/415/433 419/440/433
f 376/411/433 419/440/433 420/441/433 377/412/433
f 419/440/433 404/415/433 402/414/433 420/441/433
f 377/412/433 420/441/433 421/442/433 378/417/433
f 420/441/433 402/414/433 401/416/433 421/442/433
f 378/417/433 421/442/433 422/443/433 379/403/433
f 421/442/433 401/416/433 400/395/433 422/443/433
f 398/421/433 444/444/433 441/404/433 442/418/433
f 399/425/433 423/424/433 444/444/433 398/421/433
f 444/444/433 445/445/433 443/405/433 441/404/433
f 423/424/433 424/430/433 445/445/433 444/444/433
f 445/445/433 446/446/433 439/410/433 443/405/433
f 424/430/433 425/429/433 446/446/433 445/445/433
f 446/446/433 447/447/433 440/399/433 439/410/433
f 425/429/433 426/426/433 447/447/433 446/446/433
f 447/447/433 448/448/433 437/400/433 440/399/433
f 426/426/433 427/389/433 448/448/433 447/447/433
f 448/448/433 449/449/433 438/413/433 437/400/433
f 427/389/433 428/388/433 449/449/433 448/448/433
f 428/388/433 429/387/433 450/450/433 449/449/433
f 449/449/433 450/450/433 435/408/433 438/413/433
f 429/387/433 430/393/433 451/451/433 450/450/433
f 450/450/433 451/451/433 436/409/433 435/408/433
f 430/393/433 431/392/433 452/452/433 451/451/433
f 451/451/433 452/452/433 434/432/433 436/409/433
f 452/452/433 453/453/433 433/394/433 434/432/433
f 431/392/433 432/398/433 453/453/433 452/452/433
f 432/398/433 379/403/433 422/443/433 453/453/433
f 453/453/433 422/443/433 400/395/433 433/394/433
s 3
f 456/454/434 458/455/435 459/456/436 457/457/437
f 462/458/438 818/459/439 455/460/440 460/461/441
f 461/462/442 460/461/441 455/460/440 454/463/443
f 459/456/436 463/464/444 462/458/438 460/461/441
f 457/457/437 459/456/436 460/461/441 461/462/442
f 458/455/435 850/465/445 463/464/444 459/456/436
f 458/455/435 465/466/446 878/467/447 850/465/445
f 465/466/446 466/468/448 468/469/449 878/467/447
f 468/469/449 466/468/448 470/470/450 473/471/451
f 456/454/434 464/472/452 465/466/446 458/455/435
f 464/472/452 467/473/453 466/468/448 465/466/446
f 467/473/453 469/474/454 470/470/450 466/468/448
f 471/475/455 474/476/456 475/477/457 472/478/458
f 875/479/459 473/471/451 470/470/450 476/480/460
f 477/481/461 476/480/460 470/470/450 469/474/454
f 475/477/457 478/482/462 875/479/459 476/480/460
f 472/478/458 475/477/457 476/480/460 477/481/461
f 474/476/456 874/483/463 478/482/462 475/477/457
f 474/476/456 481/484/464 485/485/465 874/483/463
f 481/484/464 482/486/466 484/487/467 485/485/465
f 484/487/467 482/486/466 486/488/468 489/489/469
f 471/475/455 480/490/470 481/484/464 474/476/456
f 480/490/470 483/491/471 482/486/466 481/484/464
f 483/491/471 479/492/472 486/488/468 482/486/466
f 487/493/473 490/494/474 491/495/475 488/496/476
f 495/497/477 489/489/469 486/488/468 493/498/478
f 494/499/479 493/498/478 486/488/468 479/492/472
f 491/495/475 871/500/480 495/497/477 493/498/478
f 488/496/476 491/495/475 493/498/478 494/499/479
f 490/494/474 492/501/481 871/500/480 491/495/475
f 490/494/474 498/502/482 870/503/483 492/501/481
f 498/502/482 499/504/484 501/505/485 870/503/483
f 501/505/485 499/504/484 502/506/486 505/507/487
f 487/493/473 497/508/488 498/502/482 490/494/474
f 497/508/488 500/509/489 499/504/484 498/502/482
f 500/509/489 496/510/490 502/506/486 499/504/484
f 503/511/491 506/512/492 507/513/493 504/514/494
f 866/515/495 505/507/487 502/506/486 508/516/496
f 509/517/497 508/516/496 502/506/486 496/510/490
f 507/513/493 510/518/498 866/515/495 508/516/496
f 504/514/494 507/513/493 508/516/496 509/517/497
f 506/512/492 863/519/499 510/518/498 507/513/493
f 506/512/492 513/520/500 865/521/501 863/519/499
f 513/520/500 514/522/502 864/523/503 865/521/501
f 864/523/503 514/522/502 511/524/504 519/525/505
f 503/511/491 512/526/506 513/520/500 506/512/492
f 512/526/506 515/527/507 514/522/502 513/520/500
f 515/527/507 516/528/508 511/524/504 514/522/502
f 517/529/509 520/530/510 521/531/511 518/532/512
f 524/533/513 519/525/505 511/524/504 522/534/514
f 523/535/515 522/534/514 511/524/504 516/528/508
f 521/531/511 525/536/516 524/533/513 522/534/514
f 518/532/512 521/531/511 522/534/514 523/535/515
f 520/530/510 861/537/517 525/536/516 521/531/511
f 520/530/510 528/538/518 532/539/519 861/537/517
f 528/538/518 529/540/520 531/541/521 532/539/519
f 531/541/521 529/540/520 533/542/522 536/543/523
f 517/529/509 527/544/524 528/538/518 520/530/510
f 527/544/524 530/545/525 529/540/520 528/538/518
f 530/545/525 526/546/526 533/542/522 529/540/520
f 534/547/527 537/548/528 538/549/529 535/550/530
f 542/551/531 536/543/523 533/542/522 540/552/532
f 541/553/533 540/552/532 533/542/522 526/546/526
f 538/549/529 858/554/534 542/551/531 540/552/532
f 535/550/530 538/549/529 540/552/532 541/553/533
f 537/548/528 539/555/535 858/554/534 538/549/529
f 537/548/528 544/556/536 548/557/537 539/555/535
f 544/556/536 545/558/538 547/559/539 548/557/537
f 547/559/539 545/558/538 550/560/540 856/561/541
f 534/547/527 543/562/542 544/556/536 537/548/528
f 543/562/542 546/563/543 545/558/538 544/556/536
f 546/563/543 549/564/544 550/560/540 545/558/538
f 551/565/545 553/566/546 554/567/547 552/568/548
f 853/569/549 856/561/541 550/560/540 556/570/550
f 557/571/551 556/570/550 550/560/540 549/564/544
f 554/567/547 558/572/552 853/569/549 556/570/550
f 552/568/548 554/567/547 556/570/550 557/571/551
f 553/566/546 555/573/553 558/572/552 554/567/547
f 553/566/546 561/574/554 852/575/555 555/573/553
f 561/574/554 562/576/556 564/577/557 852/575/555
f 564/577/557 562/576/556 559/578/558 947/579/559
f 551/565/545 560/580/560 561/574/554 553/566/546
f 560/580/560 563/581/561 562/576/556 561/574/554
f 563/581/561 565/582/562 559/578/558 562/576/556
f 566/583/563 568/584/564 569/585/565 567/586/566
f 572/587/567 947/579/559 559/578/558 570/588/568
f 571/589/569 570/588/568 559/578/558 565/582/562
f 569/585/565 944/590/570 572/587/567 570/588/568
f 567/586/566 569/585/565 570/588/568 571/589/569
f 568/584/564 896/591/571 944/590/570 569/585/565
f 568/584/564 576/592/572 579/593/573 896/591/571
f 576/592/572 577/594/574 897/595/575 579/593/573
f 897/595/575 577/594/574 574/596/576 895/597/577
f 566/583/563 575/598/578 576/592/572 568/584/564
f 575/598/578 578/599/579 577/594/574 576/592/572
f 578/599/579 573/600/580 574/596/576 577/594/574
f 580/601/581 582/602/582 583/603/583 581/604/584
f 587/605/585 895/597/577 574/596/576 585/606/586
f 586/607/587 585/606/586 574/596/576 573/600/580
f 583/603/583 893/608/588 587/605/585 585/606/586
f 581/604/584 583/603/583 585/606/586 586/607/587
f 582/602/582 584/609/589 893/608/588 583/603/583
f 582/602/582 590/610/590 594/611/591 584/609/589
f 590/610/590 591/612/592 593/613/593 594/611/591
f 593/613/593 591/612/592 588/614/594 598/615/595
f 580/601/581 589/616/596 590/610/590 582/602/582
f 589/616/596 592/617/597 591/612/592 590/610/590
f 592/617/597 595/618/598 588/614/594 591/612/592
f 596/619/599 599/620/600 600/621/601 597/622/602
f 604/623/603 598/615/595 588/614/594 602/624/604
f 603/625/605 602/624/604 588/614/594 595/618/598
f 600/621/601 889/626/606 604/623/603 602/624/604
f 597/622/602 600/621/601 602/624/604 603/625/605
f 599/620/600 601/627/607 889/626/606 600/621/601
f 599/620/600 608/628/608 612/629/609 601/627/607
f 608/628/608 609/630/610 611/631/611 612/629/609
f 611/631/611 609/630/610 605/632/612 607/633/613
f 596/619/599 606/634/614 608/628/608 599/620/600
f 606/634/614 610/635/615 609/630/610 608/628/608
f 610/635/615 613/636/616 605/632/612 609/630/610
f 614/637/617 616/638/618 617/639/619 615/640/620
f 621/641/621 607/633/613 605/632/612 619/642/622
f 620/643/623 619/642/622 605/632/612 613/636/616
f 617/639/619 622/644/624 621/641/621 619/642/622
f 615/640/620 617/639/619 619/642/622 620/643/623
f 616/638/618 618/645/625 622/644/624 617/639/619
f 616/638/618 626/646/626 629/647/627 618/645/625
f 626/646/626 627/648/628 886/649/629 629/647/627
f 886/649/629 627/648/628 623/650/630 625/651/631
f 614/637/617 624/652/632 626/646/626 616/638/618
f 624/652/632 628/653/633 627/648/628 626/646/626
f 628/653/633 630/654/634 623/650/630 627/648/628
f 631/655/635 633/656/636 634/657/637 632/658/638
f 884/659/639 625/651/631 623/650/630 635/660/640
f 636/661/641 635/660/640 623/650/630 630/654/634
f 634/657/637 637/662/642 884/659/639 635/660/640
f 632/658/638 634/657/637 635/660/640 636/661/641
f 633/656/636 881/663/643 637/662/642 634/657/637
f 633/656/636 641/664/644 883/665/645 881/663/643
f 641/664/644 642/666/646 882/667/647 883/665/645
f 882/667/647 642/666/646 638/668/648 640/669/649
f 631/655/635 639/670/650 641/664/644 633/656/636
f 639/670/650 643/671/651 642/666/646 641/664/644
f 643/671/651 644/672/652 638/668/648 642/666/646
f 645/673/653 647/674/654 648/675/655 646/676/656
f 879/677/657 640/669/649 638/668/648 650/678/658
f 651/679/659 650/678/658 638/668/648 644/672/652
f 648/675/655 652/680/660 879/677/657 650/678/658
f 646/676/656 648/675/655 650/678/658 651/679/659
f 647/674/654 649/681/661 652/680/660 648/675/655
f 647/674/654 656/682/662 899/683/663 649/681/661
f 656/682/662 657/684/664 898/685/665 899/683/663
f 898/685/665 657/684/664 654/686/666 901/687/667
f 645/673/653 655/688/668 656/682/662 647/674/654
f 655/688/668 658/689/669 657/684/664 656/682/662
f 658/689/669 653/690/670 654/686/666 657/684/664
f 659/691/671 661/692/672 662/693/673 660/694/674
f 665/695/675 901/687/667 654/686/666 663/696/676
f 664/697/677 663/696/676 654/686/666 653/690/670
f 662/693/673 904/698/678 665/695/675 663/696/676
f 660/694/674 662/693/673 663/696/676 664/697/677
f 661/692/672 903/699/679 904/698/678 662/693/673
f 661/692/672 669/700/680 905/701/681 903/699/679
f 669/700/680 670/702/682 672/703/683 905/701/681
f 672/703/683 670/702/682 667/704/684 907/705/685
f 659/691/671 668/706/686 669/700/680 661/692/672
f 668/706/686 671/707/687 670/702/682 669/700/680
f 671/707/687 666/708/688 667/704/684 670/702/682
f 673/709/689 675/710/690 676/711/691 674/712/692
f 908/713/693 907/705/685 667/704/684 678/714/694
f 679/715/695 678/714/694 667/704/684 666/708/688
f 676/711/691 909/716/696 908/713/693 678/714/694
f 674/712/692 676/711/691 678/714/694 679/715/695
f 675/710/690 677/717/697 909/716/696 676/711/691
f 675/710/690 683/718/698 687/719/699 677/717/697
f 683/718/698 684/720/700 686/721/701 687/719/699
f 686/721/701 684/720/700 681/722/702 912/723/703
f 673/709/689 682/724/704 683/718/698 675/710/690
f 682/724/704 685/725/705 684/720/700 683/718/698
f 685/725/705 680/726/706 681/722/702 684/720/700
f 688/727/707 690/728/708 691/729/709 689/730/710
f 913/731/711 912/723/703 681/722/702 693/732/712
f 694/733/713 693/732/712 681/722/702 680/726/706
f 691/729/709 914/734/714 913/731/711 693/732/712
f 689/730/710 691/729/709 693/732/712 694/733/713
f 690/728/708 692/735/715 914/734/714 691/729/709
f 690/728/708 696/736/716 916/737/717 692/735/715
f 696/736/716 697/738/718 915/739/719 916/737/717
f 915/739/719 697/738/718 700/740/720 919/741/721
f 688/727/707 695/742/722 696/736/716 690/728/708
f 695/742/722 698/743/723 697/738/718 696/736/716
f 698/743/723 699/744/724 700/740/720 697/738/718
f 701/745/725 703/746/726 704/747/727 702/748/728
f 707/749/729 919/741/721 700/740/720 705/750/730
f 706/751/731 705/750/730 700/740/720 699/744/724
f 704/747/727 922/752/732 707/749/729 705/750/730
f 702/748/728 704/747/727 705/750/730 706/751/731
f 703/746/726 921/753/733 922/752/732 704/747/727
f 703/746/726 712/754/734 716/755/735 921/753/733
f 712/754/734 713/756/736 715/757/737 716/755/735
f 715/757/737 713/756/736 709/758/738 711/759/739
f 701/745/725 710/760/740 712/754/734 703/746/726
f 710/760/740 714/761/741 713/756/736 712/754/734
f 714/761/741 708/762/742 709/758/738 713/756/736
f 717/763/743 719/764/744 720/765/745 718/766/746
f 925/767/747 711/759/739 709/758/738 721/768/748
f 722/769/749 721/768/748 709/758/738 708/762/742
f 720/765/745 723/770/750 925/767/747 721/768/748
f 718/766/746 720/765/745 721/768/748 722/769/749
f 719/764/744 924/771/751 723/770/750 720/765/745
f 719/764/744 728/772/752 927/773/753 924/771/751
f 728/772/752 729/774/754 926/775/755 927/773/753
f 926/775/755 729/774/754 725/776/756 727/777/757
f 717/763/743 726/778/758 728/772/752 719/764/744
f 726/778/758 730/779/759 729/774/754 728/772/752
f 730/779/759 724/780/760 725/776/756 729/774/754
f 731/781/761 733/782/762 734/783/763 732/784/764
f 825/785/765 727/777/757 725/776/756 735/786/766
f 736/787/767 735/786/766 725/776/756 724/780/760
f 734/783/763 737/788/768 825/785/765 735/786/766
f 732/784/764 734/783/763 735/786/766 736/787/767
f 733/782/762 824/789/769 737/788/768 734/783/763
f 733/782/762 740/790/770 744/791/771 824/789/769
f 740/790/770 741/792/772 743/793/773 744/791/771
f 743/793/773 741/792/772 745/794/774 828/795/775
f 731/781/761 739/796/776 740/790/770 733/782/762
f 739/796/776 742/797/777 741/792/772 740/790/770
f 742/797/777 738/798/778 745/794/774 741/792/772
f 746/799/779 748/800/780 749/801/781 747/802/782
f 831/803/783 828/795/775 745/794/774 750/804/784
f 751/805/785 750/804/784 745/794/774 738/798/778
f 749/801/781 752/806/786 831/803/783 750/804/784
f 747/802/782 749/801/781 750/804/784 751/805/785
f 748/800/780 830/807/787 752/806/786 749/801/781
f 748/800/780 755/808/788 759/809/789 830/807/787
f 755/808/788 756/810/790 758/811/791 759/809/789
f 758/811/791 756/810/790 760/812/792 763/813/793
f 746/799/779 754/814/794 755/808/788 748/800/780
f 754/814/794 757/815/795 756/810/790 755/808/788
f 757/815/795 753/816/796 760/812/792 756/810/790
f 761/817/797 764/818/798 765/819/799 762/820/800
f 835/821/801 763/813/793 760/812/792 766/822/802
f 767/823/803 766/822/802 760/812/792 753/816/796
f 765/819/799 836/824/804 835/821/801 766/822/802
f 762/820/800 765/819/799 766/822/802 767/823/803
f 764/818/798 834/825/805 836/824/804 765/819/799
f 764/818/798 770/826/806 774/827/807 834/825/805
f 770/826/806 771/828/808 773/829/809 774/827/807
f 773/829/809 771/828/808 775/830/810 838/831/811
f 761/817/797 769/832/812 770/826/806 764/818/798
f 769/832/812 772/833/813 771/828/808 770/826/806
f 772/833/813 768/834/814 775/830/810 771/828/808
f 776/835/815 778/836/816 779/837/817 777/838/818
f 783/839/819 838/831/811 775/830/810 781/840/820
f 782/841/821 781/840/820 775/830/810 768/834/814
f 779/837/817 784/842/822 783/839/819 781/840/820
f 777/838/818 779/837/817 781/840/820 782/841/821
f 778/836/816 780/843/823 784/842/822 779/837/817
f 778/836/816 787/844/824 791/845/825 780/843/823
f 787/844/824 788/846/826 790/847/827 791/845/825
f 790/847/827 788/846/826 792/848/828 842/849/829
f 776/835/815 786/850/830 787/844/824 778/836/816
f 786/850/830 789/851/831 788/846/826 787/844/824
f 789/851/831 785/852/832 792/848/828 788/846/826
f 793/853/833 795/854/834 796/855/835 794/856/836
f 799/857/837 842/849/829 792/848/828 797/858/838
f 798/859/839 797/858/838 792/848/828 785/852/832
f 796/855/835 800/860/840 799/857/837 797/858/838
f 794/856/836 796/855/835 797/858/838 798/859/839
f 795/854/834 843/861/841 800/860/840 796/855/835
f 795/854/834 803/862/842 807/863/843 843/861/841
f 803/862/842 804/864/844 806/865/845 807/863/843
f 806/865/845 804/864/844 808/866/846 845/867/847
f 793/853/833 802/868/848 803/862/842 795/854/834
f 802/868/848 805/869/849 804/864/844 803/862/842
f 805/869/849 801/870/850 808/866/846 804/864/844
f 809/871/851 811/872/852 812/873/853 810/874/854
f 815/875/855 845/867/847 808/866/846 813/876/856
f 814/877/857 813/876/856 808/866/846 801/870/850
f 812/873/853 816/878/858 815/875/855 813/876/856
f 810/874/854 812/873/853 813/876/856 814/877/857
f 811/872/852 847/879/859 816/878/858 812/873/853
f 811/872/852 819/880/860 823/881/861 847/879/859
f 819/880/860 820/882/862 822/883/863 823/881/861
f 822/883/863 820/882/862 455/460/440 818/459/439
f 809/871/851 817/884/864 819/880/860 811/872/852
f 817/884/864 821/885/865 820/882/862 819/880/860
f 821/885/865 454/463/443 455/460/440 820/882/862
s 4
f 743/793/866 826/886/867 824/789/868 744/791/869
f 826/886/867 829/887/870 978/888/871 972/889/872
f 973/890/873 979/891/874 932/892/875 930/893/875
f 727/777/876 825/785/877 826/886/867 827/894/878
f 743/793/866 828/795/879 829/887/870 826/886/867
f 824/789/868 826/886/867 825/785/877 737/788/880
f 758/811/881 832/895/882 830/807/883 759/809/884
f 979/891/874 982/896/885 933/897/875 932/892/875
f 982/896/885 987/898/886 935/899/875 933/897/875
f 828/795/879 831/803/887 832/895/882 829/887/870
f 758/811/881 763/813/888 833/900/889 832/895/882
f 830/807/883 832/895/882 831/803/887 752/806/890
f 773/829/891 837/901/892 834/825/893 774/827/894
f 837/901/892 840/902/895 994/903/896 984/904/897
f 985/905/898 993/906/899 937/907/875 934/908/875
f 763/813/888 835/821/900 837/901/892 833/900/889
f 773/829/891 838/831/901 840/902/895 837/901/892
f 834/825/893 837/901/892 835/821/900 836/824/902
f 790/847/903 839/909/904 780/843/905 791/845/906
f 839/909/904 841/910/907 1000/911/908 990/912/909
f 991/913/910 999/914/911 939/915/875 936/916/875
f 838/831/901 783/839/912 839/909/904 840/902/895
f 790/847/903 842/849/913 841/910/907 839/909/904
f 780/843/905 839/909/904 783/839/912 784/842/914
f 806/865/915 844/917/916 843/861/917 807/863/918
f 844/917/916 846/918/919 1002/919/920 996/920/921
f 997/921/922 1003/922/923 940/923/875 938/924/875
f 842/849/913 799/857/924 844/917/916 841/910/907
f 806/865/915 845/867/925 846/918/919 844/917/916
f 843/861/917 844/917/916 799/857/924 800/860/926
f 822/883/927 848/925/928 847/879/929 823/881/930
f 1003/922/923 1006/926/931 941/927/875 940/923/875
f 1006/926/931 1011/928/932 943/929/875 941/927/875
f 845/867/925 815/875/933 848/925/928 846/918/919
f 822/883/927 818/459/934 849/930/935 848/925/928
f 847/879/929 848/925/928 815/875/933 816/878/936
f 853/569/937 558/572/938 555/573/939 854/931/940
f 1118/932/941 1021/933/875 1023/934/875 1134/935/942
f 818/459/934 462/458/943 851/936/944 849/930/935
f 850/465/945 851/936/944 462/458/943 463/464/946
f 854/931/940 1024/937/947 1030/938/948 857/939/949
f 555/573/939 852/575/950 564/577/951 854/931/940
f 947/579/952 855/940/953 854/931/940 564/577/951
f 856/561/954 857/939/949 859/941/955 547/559/956
f 542/551/957 859/941/955 860/942/958 536/543/959
f 1025/943/960 948/944/875 950/945/875 1031/946/961
f 853/569/937 854/931/940 857/939/949 856/561/954
f 539/555/962 548/557/963 547/559/956 859/941/955
f 542/551/957 858/554/964 539/555/962 859/941/955
f 1031/946/961 950/945/875 951/947/875 1034/948/965
f 536/543/959 860/942/958 862/949/966 531/541/967
f 1034/948/965 951/947/875 953/950/875 1039/951/968
f 524/533/969 525/536/970 861/537/971 862/949/966
f 869/952/972 1052/953/973 1048/954/974 872/955/975
f 862/949/966 1036/956/976 1046/957/977 868/958/978
f 945/959/979 1131/960/980 1028/961/981 855/940/953
f 524/533/969 862/949/966 868/958/978 519/525/982
f 861/537/971 532/539/983 531/541/967 862/949/966
f 1037/962/984 952/963/875 955/964/875 1045/965/985
f 1043/966/986 954/967/875 957/968/875 1051/969/987
f 863/519/988 865/521/989 864/523/990 867/970/991
f 894/971/992 1117/972/993 1135/973/994 946/974/995
f 519/525/982 868/958/978 867/970/991 864/523/990
f 866/515/996 510/518/997 863/519/988 867/970/991
f 1039/951/968 953/950/875 952/963/875 1037/962/984
f 867/970/991 1042/975/998 1052/953/973 869/952/972
f 866/515/996 867/970/991 869/952/972 505/507/999
f 495/497/1000 871/500/1001 492/501/1002 872/955/975
f 505/507/999 869/952/972 872/955/975 501/505/1003
f 1051/969/987 957/968/875 956/976/875 1049/977/1004
f 1134/935/942 1023/934/875 1022/978/875 1132/979/1005
f 872/955/975 1048/954/974 1054/980/1006 873/981/1007
f 1049/977/1004 956/976/875 958/982/875 1055/983/1008
f 492/501/1002 870/503/1009 501/505/1003 872/955/975
f 495/497/1000 872/955/975 873/981/1007 489/489/1010
f 875/479/1011 478/482/1012 874/483/1013 876/984/1014
f 1032/985/1015 1030/938/948 1024/937/947 1026/986/1016
f 850/465/945 878/467/1017 468/469/1018 851/936/944
f 1029/987/1019 1027/988/1020 1025/943/960 1026/986/1016
f 1055/983/1008 958/982/875 959/989/875 1058/990/1021
f 879/677/1022 652/680/1023 649/681/1024 900/991/1025
f 473/471/1026 877/992/1027 851/936/944 468/469/1018
f 1058/990/1021 959/989/875 960/993/875 1060/994/1028
f 489/489/1010 873/981/1007 876/984/1014 484/487/1029
f 874/483/1013 485/485/1030 484/487/1029 876/984/1014
f 1056/995/1031 1054/980/1006 1048/954/974 1050/996/1032
f 884/659/1033 637/662/1034 881/663/1035 885/997/1036
f 875/479/1011 876/984/1014 877/992/1027 473/471/1026
f 1053/998/1037 1051/969/987 1049/977/1004 1050/996/1032
f 879/677/1022 900/991/1025 880/999/1038 640/669/1039
f 900/991/1025 1074/1000/1040 1063/1001/1041 880/999/1038
f 1110/1002/1042 1078/1003/1043 1073/1004/1044 1077/1005/1045
f 1075/1006/1046 961/1007/875 1014/1008/875 1064/1009/1047
f 1071/1010/1048 1069/1011/1049 1067/1012/1050 1068/1013/1051
f 881/663/1035 883/665/1052 882/667/1053 885/997/1036
f 621/641/1054 622/644/1055 618/645/1056 887/1014/1057
f 640/669/1039 880/999/1038 885/997/1036 882/667/1053
f 1064/1009/1047 1014/1008/875 1015/1015/875 1066/1016/1058
f 1032/985/1015 1031/946/961 1034/948/965 1035/1017/1059
f 1066/1016/1058 1015/1015/875 1016/1018/875 1070/1019/1060
f 1039/951/968 1041/1020/1061 1035/1017/1059 1034/948/965
f 884/659/1033 885/997/1036 888/1021/1062 625/651/1063
f 1070/1019/1060 1016/1018/875 1017/1022/875 1072/1023/1064
f 1072/1023/1064 1017/1022/875 1018/1024/875 1079/1025/1065
f 621/641/1054 887/1014/1057 891/1026/1066 607/633/1067
f 604/623/1068 890/1027/1069 892/1028/1070 598/615/1071
f 1051/969/987 1053/998/1037 1044/1029/1072 1043/966/986
f 625/651/1063 888/1021/1062 887/1014/1057 886/649/1073
f 618/645/1056 629/647/1074 886/649/1073 887/1014/1057
f 1056/995/1031 1055/983/1008 1058/990/1021 1059/1030/1075
f 601/627/1076 612/629/1077 611/631/1078 890/1027/1069
f 604/623/1068 889/626/1079 601/627/1076 890/1027/1069
f 1116/1031/1080 1115/1032/1081 1118/932/941 1119/1033/1082
f 607/633/1067 891/1026/1066 890/1027/1069 611/631/1078
f 1079/1025/1065 1018/1024/875 1019/1034/875 1111/1035/1083
f 1110/1002/1042 1079/1025/1065 1111/1035/1083 1113/1036/1084
f 1111/1035/1083 1019/1034/875 1020/1037/875 1115/1032/1081
f 1115/1032/1081 1020/1037/875 1021/933/875 1118/932/941
f 587/605/1085 893/608/1086 584/609/1087 894/971/992
f 898/685/1088 900/991/1025 649/681/1024 899/683/1089
f 900/991/1025 902/1038/1090 1080/1039/1091 1074/1000/1040
f 1075/1006/1046 1081/1040/1092 962/1041/875 961/1007/875
f 898/685/1088 901/687/1093 902/1038/1090 900/991/1025
f 672/703/1094 906/1042/1095 903/699/1096 905/701/1097
f 1081/1040/1092 1083/1043/1098 963/1044/875 962/1041/875
f 1083/1043/1098 1087/1045/1099 964/1046/875 963/1044/875
f 901/687/1093 665/695/1100 906/1042/1095 902/1038/1090
f 672/703/1094 907/705/1101 911/1047/1102 906/1042/1095
f 903/699/1096 906/1042/1095 665/695/1100 904/698/1103
f 686/721/1104 910/1048/1105 677/717/1106 687/719/1107
f 1087/1045/1099 1089/1049/1108 965/1050/875 964/1046/875
f 1089/1049/1108 1093/1051/1109 966/1052/875 965/1050/875
f 907/705/1101 908/713/1110 910/1048/1105 911/1047/1102
f 686/721/1104 912/723/1111 918/1053/1112 910/1048/1105
f 677/717/1106 910/1048/1105 908/713/1110 909/716/1113
f 915/739/1114 917/1054/1115 692/735/1116 916/737/1117
f 1093/1051/1109 1095/1055/1118 967/1056/875 966/1052/875
f 1095/1055/1118 1099/1057/1119 968/1058/875 967/1056/875
f 912/723/1111 913/731/1120 917/1054/1115 918/1053/1112
f 915/739/1114 919/741/1121 920/1059/1122 917/1054/1115
f 692/735/1116 917/1054/1115 913/731/1120 914/734/1123
f 715/757/1124 923/1060/1125 921/753/1126 716/755/1127
f 1099/1057/1119 1102/1061/1128 969/1062/875 968/1058/875
f 1102/1061/1128 1107/1063/1129 971/1064/875 969/1062/875
f 919/741/1121 707/749/1130 923/1060/1125 920/1059/1122
f 715/757/1124 711/759/1131 929/1065/1132 923/1060/1125
f 921/753/1126 923/1060/1125 707/749/1130 922/752/1133
f 926/775/1134 928/1066/1135 924/771/1136 927/773/1137
f 1105/1067/1138 975/1068/1139 931/1069/875 970/1070/875
f 711/759/1131 925/767/1140 928/1066/1135 929/1065/1132
f 926/775/1134 727/777/876 827/894/878 928/1066/1135
f 924/771/1136 928/1066/1135 925/767/1140 723/770/1141
f 1114/1071/1142 1116/1031/1080 1119/1033/1082 1117/972/993
f 917/1054/1115 920/1059/1122 1098/1072/1143 1096/1073/1144
f 928/1066/1135 827/894/878 976/1074/1145 1104/1075/1146
f 846/918/919 848/925/928 1005/1076/1147 1002/919/920
f 572/587/1148 944/590/1149 896/591/1150 945/959/979
f 841/910/907 844/917/916 996/920/921 1000/911/908
f 1031/946/961 1032/985/1015 1026/986/1016 1025/943/960
f 1040/1077/1151 1041/1020/1061 1038/1078/1152 1036/956/976
f 910/1048/1105 918/1053/1112 1092/1079/1153 1090/1080/1154
f 833/900/889 837/901/892 984/904/897 988/1081/1155
f 849/930/935 851/936/944 1008/1082/1156 1012/1083/1157
f 827/894/878 826/886/867 972/889/872 976/1074/1145
f 1045/965/985 955/964/875 954/967/875 1043/966/986
f 1062/1084/1158 1061/1085/1159 1057/1086/1160 1059/1030/1075
f 920/1059/1122 923/1060/1125 1101/1087/1161 1098/1072/1143
f 1134/935/942 1136/1088/1162 1119/1033/1082 1118/932/941
f 923/1060/1125 929/1065/1132 1108/1089/1163 1101/1087/1161
f 987/898/886 985/905/898 934/908/875 935/899/875
f 1011/928/932 1009/1090/1164 942/1091/875 943/929/875
f 946/974/995 1135/973/994 1131/960/980 945/959/979
f 1115/1032/1081 1116/1031/1080 1113/1036/1084 1111/1035/1083
f 1132/979/1005 1022/978/875 949/1092/875 1027/988/1020
f 911/1047/1102 910/1048/1105 1090/1080/1154 1086/1093/1165
f 1055/983/1008 1056/995/1031 1050/996/1032 1049/977/1004
f 929/1065/1132 928/1066/1135 1104/1075/1146 1108/1089/1163
f 1047/1094/1166 1046/957/977 1036/956/976 1038/1078/1152
f 999/914/911 997/921/922 938/924/875 939/915/875
f 1063/1001/1041 1065/1095/1167 1068/1013/1051 1067/1012/1050
f 1060/994/1028 1062/1084/1158 1059/1030/1075 1058/990/1021
f 873/981/1007 1054/980/1006 1057/1086/1160 876/984/1014
f 840/902/895 839/909/904 990/912/909 994/903/896
f 598/615/1071 892/1028/1070 894/971/992 593/613/1168
f 891/1026/1066 1078/1003/1043 1112/1096/1169 890/1027/1069
f 906/1042/1095 911/1047/1102 1086/1093/1165 1084/1097/1170
f 1107/1063/1129 1105/1067/1138 970/1070/875 971/1064/875
f 859/941/955 1033/1098/1171 1040/1077/1151 860/942/958
f 1061/1085/1159 1062/1084/1158 1010/1099/1172 1008/1082/1156
f 918/1053/1112 917/1054/1115 1096/1073/1144 1092/1079/1153
f 887/1014/1057 1073/1004/1044 1078/1003/1043 891/1026/1066
f 1079/1025/1065 1110/1002/1042 1077/1005/1045 1072/1023/1064
f 993/906/899 991/913/910 936/916/875 937/907/875
f 832/895/882 833/900/889 988/1081/1155 981/1100/1173
f 848/925/928 849/930/935 1012/1083/1157 1005/1076/1147
f 902/1038/1090 906/1042/1095 1084/1097/1170 1080/1039/1091
f 829/887/870 832/895/882 981/1100/1173 978/888/871
f 976/1074/1145 972/889/872 974/1101/1174 977/1102/1175
f 977/1102/1175 974/1101/1174 973/890/873 975/1068/1139
f 979/891/874 973/890/873 974/1101/1174 980/1103/1176
f 980/1103/1176 974/1101/1174 972/889/872 978/888/871
f 988/1081/1155 984/904/897 986/1104/1177 989/1105/1178
f 989/1105/1178 986/1104/1177 985/905/898 987/898/886
f 994/903/896 990/912/909 992/1106/1179 995/1107/1180
f 995/1107/1180 992/1106/1179 991/913/910 993/906/899
f 1000/911/908 996/920/921 998/1108/1181 1001/1109/1182
f 1001/1109/1182 998/1108/1181 997/921/922 999/914/911
f 1003/922/923 997/921/922 998/1108/1181 1004/1110/1183
f 1004/1110/1183 998/1108/1181 996/920/921 1002/919/920
f 1012/1083/1157 1008/1082/1156 1010/1099/1172 1013/1111/1184
f 1013/1111/1184 1010/1099/1172 1009/1090/1164 1011/928/932
f 584/609/1087 594/611/1185 593/613/1168 894/971/992
f 896/591/1150 579/593/1186 897/595/1187 945/959/979
f 572/587/1148 945/959/979 855/940/953 947/579/952
f 855/940/953 1028/961/981 1024/937/947 854/931/940
f 877/992/1027 1061/1085/1159 1008/1082/1156 851/936/944
f 888/1021/1062 1069/1011/1049 1073/1004/1044 887/1014/1057
f 1060/994/1028 960/993/875 942/1091/875 1009/1090/1164
f 857/939/949 1030/938/948 1033/1098/1171 859/941/955
f 880/999/1038 1063/1001/1041 1067/1012/1050 885/997/1036
f 1047/1094/1166 1045/965/985 1043/966/986 1044/1029/1072
f 1046/957/977 1047/1094/1166 1044/1029/1072 1042/975/998
f 1065/1095/1167 1063/1001/1041 1074/1000/1040 1076/1112/1188
f 1064/1009/1047 1065/1095/1167 1076/1112/1188 1075/1006/1046
f 1136/1088/1162 1134/935/942 1132/979/1005 1133/1113/1189
f 1135/973/994 1136/1088/1162 1133/1113/1189 1131/960/980
f 1045/965/985 1047/1094/1166 1038/1078/1152 1037/962/984
f 1041/1020/1061 1040/1077/1151 1033/1098/1171 1035/1017/1059
f 1071/1010/1048 1070/1019/1060 1072/1023/1064 1077/1005/1045
f 1069/1011/1049 1071/1010/1048 1077/1005/1045 1073/1004/1044
f 1029/987/1019 1028/961/981 1131/960/980 1133/1113/1189
f 1027/988/1020 1029/987/1019 1133/1113/1189 1132/979/1005
f 1081/1040/1092 1075/1006/1046 1076/1112/1188 1082/1114/1190
f 1082/1114/1190 1076/1112/1188 1074/1000/1040 1080/1039/1091
f 1087/1045/1099 1083/1043/1098 1085/1115/1191 1088/1116/1192
f 1088/1116/1192 1085/1115/1191 1084/1097/1170 1086/1093/1165
f 1093/1051/1109 1089/1049/1108 1091/1117/1193 1094/1118/1194
f 1094/1118/1194 1091/1117/1193 1090/1080/1154 1092/1079/1153
f 1099/1057/1119 1095/1055/1118 1097/1119/1195 1100/1120/1196
f 1100/1120/1196 1097/1119/1195 1096/1073/1144 1098/1072/1143
f 1108/1089/1163 1104/1075/1146 1106/1121/1197 1109/1122/1198
f 1109/1122/1198 1106/1121/1197 1105/1067/1138 1107/1063/1129
f 978/888/871 981/1100/1173 983/1123/1199 980/1103/1176
f 980/1103/1176 983/1123/1199 982/896/885 979/891/874
f 987/898/886 982/896/885 983/1123/1199 989/1105/1178
f 989/1105/1178 983/1123/1199 981/1100/1173 988/1081/1155
f 993/906/899 985/905/898 986/1104/1177 995/1107/1180
f 995/1107/1180 986/1104/1177 984/904/897 994/903/896
f 999/914/911 991/913/910 992/1106/1179 1001/1109/1182
f 1001/1109/1182 992/1106/1179 990/912/909 1000/911/908
f 1002/919/920 1005/1076/1147 1007/1124/1200 1004/1110/1183
f 1004/1110/1183 1007/1124/1200 1006/926/931 1003/922/923
f 1011/928/932 1006/926/931 1007/1124/1200 1013/1111/1184
f 1013/1111/1184 1007/1124/1200 1005/1076/1147 1012/1083/1157
f 587/605/1085 894/971/992 946/974/995 895/597/1201
f 895/597/1201 946/974/995 945/959/979 897/595/1187
f 890/1027/1069 1112/1096/1169 1114/1071/1142 892/1028/1070
f 860/942/958 1040/1077/1151 1036/956/976 862/949/966
f 892/1028/1070 1114/1071/1142 1117/972/993 894/971/992
f 885/997/1036 1067/1012/1050 1069/1011/1049 888/1021/1062
f 868/958/978 1046/957/977 1042/975/998 867/970/991
f 876/984/1014 1057/1086/1160 1061/1085/1159 877/992/1027
f 1028/961/981 1029/987/1019 1026/986/1016 1024/937/947
f 1041/1020/1061 1039/951/968 1037/962/984 1038/1078/1152
f 1052/953/973 1053/998/1037 1050/996/1032 1048/954/974
f 1062/1084/1158 1060/994/1028 1009/1090/1164 1010/1099/1172
f 1070/1019/1060 1071/1010/1048 1068/1013/1051 1066/1016/1058
f 1116/1031/1080 1114/1071/1142 1112/1096/1169 1113/1036/1084
f 1030/938/948 1032/985/1015 1035/1017/1059 1033/1098/1171
f 1054/980/1006 1056/995/1031 1059/1030/1075 1057/1086/1160
f 1053/998/1037 1052/953/973 1042/975/998 1044/1029/1072
f 1065/1095/1167 1064/1009/1047 1066/1016/1058 1068/1013/1051
f 1078/1003/1043 1110/1002/1042 1113/1036/1084 1112/1096/1169
f 1136/1088/1162 1135/973/994 1117/972/993 1119/1033/1082
f 1027/988/1020 949/1092/875 948/944/875 1025/943/960
f 1080/1039/1091 1084/1097/1170 1085/1115/1191 1082/1114/1190
f 1082/1114/1190 1085/1115/1191 1083/1043/1098 1081/1040/1092
f 1086/1093/1165 1090/1080/1154 1091/1117/1193 1088/1116/1192
f 1088/1116/1192 1091/1117/1193 1089/1049/1108 1087/1045/1099
f 1092/1079/1153 1096/1073/1144 1097/1119/1195 1094/1118/1194
f 1094/1118/1194 1097/1119/1195 1095/1055/1118 1093/1051/1109
f 1098/1072/1143 1101/1087/1161 1103/1125/1202 1100/1120/1196
f 1100/1120/1196 1103/1125/1202 1102/1061/1128 1099/1057/1119
f 1107/1063/1129 1102/1061/1128 1103/1125/1202 1109/1122/1198
f 1109/1122/1198 1103/1125/1202 1101/1087/1161 1108/1089/1163
f 975/1068/1139 1105/1067/1138 1106/1121/1197 977/1102/1175
f 977/1102/1175 1106/1121/1197 1104/1075/1146 976/1074/1145
f 975/1068/1139 973/890/873 930/893/875 931/1069/875
f 942/1091/875 960/993/875 1137/1126/875 1120/1127/875
f 1120/1127/875 1137/1126/875 1014/1008/875 961/1007/875
f 960/993/875 959/989/875 1138/1128/875 1137/1126/875
f 1137/1126/875 1138/1128/875 1015/1015/875 1014/1008/875
f 959/989/875 958/982/875 1139/1129/875 1138/1128/875
f 1138/1128/875 1139/1129/875 1016/1018/875 1015/1015/875
f 958/982/875 956/976/875 1140/1130/875 1139/1129/875
f 1139/1129/875 1140/1130/875 1017/1022/875 1016/1018/875
f 956/976/875 957/968/875 1141/1131/875 1140/1130/875
f 1140/1130/875 1141/1131/875 1018/1024/875 1017/1022/875
f 957/968/875 954/967/875 1142/1132/875 1141/1131/875
f 1141/1131/875 1142/1132/875 1019/1034/875 1018/1024/875
f 954/967/875 955/964/875 1143/1133/875 1142/1132/875
f 1142/1132/875 1143/1133/875 1020/1037/875 1019/1034/875
f 955/964/875 952/963/875 1144/1134/875 1143/1133/875
f 1143/1133/875 1144/1134/875 1021/933/875 1020/1037/875
f 952/963/875 953/950/875 1145/1135/875 1144/1134/875
f 1144/1134/875 1145/1135/875 1023/934/875 1021/933/875
f 951/947/875 950/945/875 948/944/875 1146/1136/875
f 1146/1136/875 948/944/875 949/1092/875 1022/978/875
f 1145/1135/875 1146/1136/875 1022/978/875 1023/934/875
f 953/950/875 951/947/875 1146/1136/875 1145/1135/875
f 942/1091/875 1120/1127/875 1121/1137/875 943/929/875
f 1120/1127/875 961/1007/875 962/1041/875 1121/1137/875
f 943/929/875 1121/1137/875 1122/1138/875 941/927/875
f 1121/1137/875 962/1041/875 963/1044/875 1122/1138/875
f 941/927/875 1122/1138/875 1123/1139/875 940/923/875
f 1122/1138/875 963/1044/875 964/1046/875 1123/1139/875
f 940/923/875 1123/1139/875 1124/1140/875 938/924/875
f 1123/1139/875 964/1046/875 965/1050/875 1124/1140/875
f 938/924/875 1124/1140/875 1125/1141/875 939/915/875
f 1124/1140/875 965/1050/875 966/1052/875 1125/1141/875
f 939/915/875 1125/1141/875 1126/1142/875 936/916/875
f 1125/1141/875 966/1052/875 967/1056/875 1126/1142/875
f 936/916/875 1126/1142/875 1127/1143/875 937/907/875
f 1126/1142/875 967/1056/875 968/1058/875 1127/1143/875
f 937/907/875 1127/1143/875 1128/1144/875 934/908/875
f 1127/1143/875 968/1058/875 969/1062/875 1128/1144/875
f 934/908/875 1128/1144/875 1129/1145/875 935/899/875
f 1128/1144/875 969/1062/875 971/1064/875 1129/1145/875
f 935/899/875 1129/1145/875 1130/1146/875 933/897/875
f 1129/1145/875 971/1064/875 970/1070/875 1130/1146/875
f 933/897/875 1130/1146/875 930/893/875 932/892/875
f 1130/1146/875 970/1070/875 931/1069/875 930/893/875
s 5
f 739/796/1203 731/781/1204 1/1147/1204 3/1148/1205
f 731/781/1204 732/784/1206 10/1149/1207 1/1147/1204
f 732/784/1206 736/787/1208 12/1150/1209 10/1149/1207
f 736/787/1208 724/780/1210 308/1151/1211 12/1150/1209
f 724/780/1210 730/779/1212 311/1152/1213 308/1151/1211
f 730/779/1212 726/778/1214 309/1153/1215 311/1152/1213
f 726/778/1214 717/763/1216 306/1154/1216 309/1153/1215
f 717/763/1216 718/766/1217 316/1155/1218 306/1154/1216
f 718/766/1217 722/769/1219 318/1156/1220 316/1155/1218
f 722/769/1219 708/762/1221 293/1157/1222 318/1156/1220
f 708/762/1221 714/761/1223 296/1158/1224 293/1157/1222
f 714/761/1223 710/760/1225 294/1159/1226 296/1158/1224
f 710/760/1225 701/745/1227 291/1160/1227 294/1159/1226
f 701/745/1227 702/748/1228 301/1161/1229 291/1160/1227
f 702/748/1228 706/751/1230 303/1162/1231 301/1161/1229
f 706/751/1230 699/744/1232 300/1163/1233 303/1162/1231
f 699/744/1232 698/743/1234 281/1164/1235 300/1163/1233
f 698/743/1234 695/742/1236 279/1165/1237 281/1164/1235
f 695/742/1236 688/727/1238 277/1166/1238 279/1165/1237
f 688/727/1238 689/730/1239 286/1167/1240 277/1166/1238
f 689/730/1239 694/733/1241 288/1168/1242 286/1167/1240
f 694/733/1241 680/726/1243 285/1169/1244 288/1168/1242
f 680/726/1243 685/725/1245 268/1170/1246 285/1169/1244
f 685/725/1245 682/724/1247 266/1171/1248 268/1170/1246
f 682/724/1247 673/709/1249 264/1172/1249 266/1171/1248
f 673/709/1249 674/712/1250 272/1173/1251 264/1172/1249
f 674/712/1250 679/715/1252 274/1174/1253 272/1173/1251
f 679/715/1252 666/708/1254 253/1175/1255 274/1174/1253
f 666/708/1254 671/707/1256 256/1176/1257 253/1175/1255
f 671/707/1256 668/706/1258 254/1177/1259 256/1176/1257
f 668/706/1258 659/691/1260 251/1178/1260 254/1177/1259
f 659/691/1260 660/694/1261 260/1179/1262 251/1178/1260
f 660/694/1261 664/697/1263 262/1180/1264 260/1179/1262
f 664/697/1263 653/690/1265 238/1181/1266 262/1180/1264
f 653/690/1265 658/689/1267 241/1182/1268 238/1181/1266
f 658/689/1267 655/688/1269 239/1183/1270 241/1182/1268
f 655/688/1269 645/673/1271 236/1184/1271 239/1183/1270
f 645/673/1271 646/676/1272 182/1185/1273 236/1184/1271
f 646/676/1272 651/679/1274 184/1186/1275 182/1185/1273
f 651/679/1274 644/672/1276 181/1187/1277 184/1186/1275
f 644/672/1276 643/671/1278 198/1188/1279 181/1187/1277
f 643/671/1278 639/670/1280 196/1189/1281 198/1188/1279
f 639/670/1280 631/655/1282 187/1190/1282 196/1189/1281
f 631/655/1282 632/658/1283 190/1191/1284 187/1190/1282
f 632/658/1283 636/661/1285 192/1192/1286 190/1191/1284
f 636/661/1285 630/654/1287 189/1193/1288 192/1192/1286
f 630/654/1287 628/653/1289 210/1194/1290 189/1193/1288
f 628/653/1289 624/652/1291 208/1195/1292 210/1194/1290
f 624/652/1291 614/637/1293 200/1196/1293 208/1195/1292
f 614/637/1293 615/640/1294 202/1197/1295 200/1196/1293
f 615/640/1294 620/643/1296 204/1198/1297 202/1197/1295
f 620/643/1296 613/636/1298 221/1199/1299 204/1198/1297
f 613/636/1298 610/635/1300 224/1200/1301 221/1199/1299
f 610/635/1300 606/634/1302 222/1201/1303 224/1200/1301
f 606/634/1302 596/619/1304 213/1202/1304 222/1201/1303
f 596/619/1304 597/622/1305 215/1203/1306 213/1202/1304
f 597/622/1305 603/625/1307 217/1204/1308 215/1203/1306
f 603/625/1307 595/618/1309 246/1205/1310 217/1204/1308
f 595/618/1309 592/617/1311 249/1206/1312 246/1205/1310
f 592/617/1311 589/616/1313 247/1207/1314 249/1206/1312
f 589/616/1313 580/601/1315 227/1208/1315 247/1207/1314
f 580/601/1315 581/604/1316 230/1209/1317 227/1208/1315
f 581/604/1316 586/607/1318 232/1210/1319 230/1209/1317
f 586/607/1318 573/600/1320 229/1211/1321 232/1210/1319
f 573/600/1320 578/599/1322 347/1212/1323 229/1211/1321
f 578/599/1322 575/598/1324 345/1213/1325 347/1212/1323
f 575/598/1324 566/583/1326 335/1214/1326 345/1213/1325
f 566/583/1326 567/586/1327 338/1215/1328 335/1214/1326
f 567/586/1327 571/589/1329 340/1216/1330 338/1215/1328
f 571/589/1329 565/582/1331 337/1217/1332 340/1216/1330
f 565/582/1331 563/581/1333 104/1218/1334 337/1217/1332
f 563/581/1333 560/580/1335 102/1219/1336 104/1218/1334
f 560/580/1335 551/565/1337 86/1220/1337 102/1219/1336
f 551/565/1337 552/568/1338 88/1221/1339 86/1220/1337
f 552/568/1338 557/571/1340 97/1222/1341 88/1221/1339
f 557/571/1340 549/564/1342 115/1223/1343 97/1222/1341
f 549/564/1342 546/563/1344 118/1224/1345 115/1223/1343
f 546/563/1344 543/562/1346 116/1225/1347 118/1224/1345
f 543/562/1346 534/547/1348 106/1226/1348 116/1225/1347
f 534/547/1348 535/550/1349 108/1227/1350 106/1226/1348
f 535/550/1349 541/553/1351 110/1228/1352 108/1227/1350
f 541/553/1351 526/546/1353 129/1229/1354 110/1228/1352
f 526/546/1353 530/545/1355 132/1230/1356 129/1229/1354
f 530/545/1355 527/544/1357 130/1231/1358 132/1230/1356
f 527/544/1357 517/529/1359 120/1232/1360 130/1231/1358
f 517/529/1359 518/532/1361 122/1233/1362 120/1232/1360
f 518/532/1361 523/535/1363 124/1234/1364 122/1233/1362
f 523/535/1363 516/528/1365 143/1235/1366 124/1234/1364
f 516/528/1365 515/527/1367 146/1236/1368 143/1235/1366
f 515/527/1367 512/526/1369 144/1237/1370 146/1236/1368
f 512/526/1369 503/511/1371 134/1238/1371 144/1237/1370
f 503/511/1371 504/514/1372 136/1239/1373 134/1238/1371
f 504/514/1372 509/517/1374 138/1240/1375 136/1239/1373
f 509/517/1374 496/510/1376 157/1241/1377 138/1240/1375
f 496/510/1376 500/509/1378 160/1242/1379 157/1241/1377
f 500/509/1378 497/508/1380 158/1243/1381 160/1242/1379
f 497/508/1380 487/493/1382 148/1244/1382 158/1243/1381
f 487/493/1382 488/496/1383 150/1245/1384 148/1244/1382
f 488/496/1383 494/499/1385 152/1246/1386 150/1245/1384
f 494/499/1385 479/492/1387 171/1247/1388 152/1246/1386
f 479/492/1387 483/491/1389 174/1248/1390 171/1247/1388
f 483/491/1389 480/490/1391 172/1249/1392 174/1248/1390
f 480/490/1391 471/475/1393 162/1250/1393 172/1249/1392
f 471/475/1393 472/478/1394 164/1251/1395 162/1250/1393
f 472/478/1394 477/481/1396 166/1252/1397 164/1251/1395
f 477/481/1396 469/474/1398 176/1253/1399 166/1252/1397
f 469/474/1398 467/473/1400 179/1254/1401 176/1253/1399
f 467/473/1400 464/472/1402 177/1255/1403 179/1254/1401
f 464/472/1402 456/454/1404 84/1256/1404 177/1255/1403
f 456/454/1404 457/457/1405 93/1257/1406 84/1256/1404
f 457/457/1405 461/462/1407 95/1258/1408 93/1257/1406
f 461/462/1407 454/463/1409 92/1259/1410 95/1258/1408
f 454/463/1409 821/885/1411 74/1260/1412 92/1259/1410
f 821/885/1411 817/884/1413 72/1261/1414 74/1260/1412
f 817/884/1413 809/871/1415 70/1262/1415 72/1261/1414
f 809/871/1415 810/874/1416 80/1263/1417 70/1262/1415
f 810/874/1416 814/877/1418 82/1264/1419 80/1263/1417
f 814/877/1418 801/870/1420 79/1265/1421 82/1264/1419
f 801/870/1420 805/869/1422 60/1266/1423 79/1265/1421
f 805/869/1422 802/868/1424 58/1267/1425 60/1266/1423
f 802/868/1424 793/853/1426 56/1268/1426 58/1267/1425
f 793/853/1426 794/856/1427 66/1269/1428 56/1268/1426
f 794/856/1427 798/859/1429 68/1270/1430 66/1269/1428
f 798/859/1429 785/852/1431 65/1271/1432 68/1270/1430
f 785/852/1431 789/851/1433 46/1272/1434 65/1271/1432
f 789/851/1433 786/850/1435 44/1273/1436 46/1272/1434
f 786/850/1435 776/835/1437 42/1274/1437 44/1273/1436
f 776/835/1437 777/838/1438 52/1275/1439 42/1274/1437
f 777/838/1438 782/841/1440 54/1276/1441 52/1275/1439
f 782/841/1440 768/834/1442 51/1277/1443 54/1276/1441
f 768/834/1442 772/833/1444 32/1278/1445 51/1277/1443
f 772/833/1444 769/832/1446 30/1279/1447 32/1278/1445
f 769/832/1446 761/817/1448 28/1280/1448 30/1279/1447
f 761/817/1448 762/820/1449 38/1281/1450 28/1280/1448
f 762/820/1449 767/823/1451 40/1282/1452 38/1281/1450
f 767/823/1451 753/816/1453 37/1283/1454 40/1282/1452
f 753/816/1453 757/815/1455 18/1284/1456 37/1283/1454
f 757/815/1455 754/814/1457 16/1285/1458 18/1284/1456
f 754/814/1457 746/799/1459 14/1286/1459 16/1285/1458
f 746/799/1459 747/802/1460 24/1287/1461 14/1286/1459
f 747/802/1460 751/805/1462 26/1288/1463 24/1287/1461
f 751/805/1462 738/798/1464 23/1289/1465 26/1288/1463
f 738/798/1464 742/797/1466 5/1290/1467 23/1289/1465
f 742/797/1466 739/796/1203 3/1148/1205 5/1290/1467
